policy_id,car_id,company,start_date,end_date,cost
1,1170,Т-Страхование,2025-01-29,2026-01-29,9229
2,126,АльфаСтрахование,2026-01-15,2027-01-15,8773
3,981,Росгосстрах,2026-01-18,2027-01-18,20693
4,670,Ингосстрах,2025-06-19,2026-06-19,21992
5,713,АльфаСтрахование,2025-06-20,2026-06-20,14406
6,846,Ингосстрах,2026-03-21,2027-03-21,16032
7,968,АльфаСтрахование,2026-01-05,2027-01-05,9117
8,77,АльфаСтрахование,2024-12-10,2025-12-10,5332
9,88,Ингосстрах,2026-04-03,2027-04-03,14114
10,1161,Т-Страхование,2024-06-03,2025-06-03,14974
11,782,Росгосстрах,2025-03-05,2026-03-05,9862
12,458,Росгосстрах,2025-03-27,2026-03-27,5897
13,290,Ингосстрах,2025-12-30,2026-12-30,8494
14,280,Росгосстрах,2024-06-27,2025-06-27,11685
15,946,Ингосстрах,2026-04-01,2027-04-01,17893
16,730,Т-Страхование,2024-08-17,2025-08-17,11236
17,678,Ингосстрах,2024-11-18,2025-11-18,20445
18,5,Т-Страхование,2025-01-15,2026-01-15,7584
19,1175,АльфаСтрахование,2024-05-12,2025-05-12,7253
20,535,Ингосстрах,2024-06-26,2025-06-26,23105
21,612,АльфаСтрахование,2024-06-16,2025-06-16,13499
22,671,Т-Страхование,2025-03-25,2026-03-25,17710
23,454,Росгосстрах,2025-09-24,2026-09-24,7374
24,457,Ингосстрах,2024-05-22,2025-05-22,6574
25,420,Ингосстрах,2026-01-12,2027-01-12,11015
26,391,Т-Страхование,2024-07-10,2025-07-10,10163
27,278,Росгосстрах,2024-08-22,2025-08-22,13148
28,400,Ингосстрах,2026-01-04,2027-01-04,19991
29,600,АльфаСтрахование,2025-08-30,2026-08-30,13687
30,833,АльфаСтрахование,2024-11-19,2025-11-19,8531
31,39,Ингосстрах,2025-10-21,2026-10-21,12601
32,924,Т-Страхование,2026-02-12,2027-02-12,21529
33,812,Росгосстрах,2024-07-21,2025-07-21,6070
34,1131,Ингосстрах,2026-01-30,2027-01-30,9615
35,1166,Ингосстрах,2025-06-27,2026-06-27,17498
36,1194,Росгосстрах,2024-07-13,2025-07-13,10013
37,184,Т-Страхование,2024-07-10,2025-07-10,19357
38,586,Росгосстрах,2025-10-11,2026-10-11,20263
39,540,АльфаСтрахование,2025-03-07,2026-03-07,6230
40,619,АльфаСтрахование,2024-06-02,2025-06-02,15437
41,120,АльфаСтрахование,2025-04-12,2026-04-12,12483
42,1099,Ингосстрах,2025-02-25,2026-02-25,6537
43,335,АльфаСтрахование,2024-09-08,2025-09-08,23320
44,575,Т-Страхование,2025-11-18,2026-11-18,17807
45,693,АльфаСтрахование,2024-07-10,2025-07-10,19694
46,690,АльфаСтрахование,2024-05-10,2025-05-10,11519
47,412,АльфаСтрахование,2025-07-20,2026-07-20,22049
48,314,АльфаСтрахование,2026-04-21,2027-04-21,5305
49,280,Росгосстрах,2026-01-16,2027-01-16,9405
50,677,Т-Страхование,2025-02-27,2026-02-27,23796
51,221,АльфаСтрахование,2025-08-10,2026-08-10,11698
52,21,АльфаСтрахование,2025-09-09,2026-09-09,5719
53,450,АльфаСтрахование,2026-04-01,2027-04-01,13311
54,837,Т-Страхование,2025-11-03,2026-11-03,19449
55,139,Росгосстрах,2024-08-27,2025-08-27,19017
56,935,Ингосстрах,2025-03-06,2026-03-06,5350
57,897,Т-Страхование,2025-11-13,2026-11-13,9652
58,980,Ингосстрах,2024-09-10,2025-09-10,15328
59,511,Росгосстрах,2024-07-03,2025-07-03,10687
60,570,Ингосстрах,2025-02-09,2026-02-09,11901
61,115,Росгосстрах,2025-07-02,2026-07-02,10670
62,473,Ингосстрах,2024-11-19,2025-11-19,20978
63,350,АльфаСтрахование,2025-04-22,2026-04-22,5951
64,444,Ингосстрах,2024-09-10,2025-09-10,9319
65,96,АльфаСтрахование,2025-11-11,2026-11-11,22700
66,607,Т-Страхование,2024-05-07,2025-05-07,7231
67,1191,Росгосстрах,2024-08-22,2025-08-22,7977
68,931,АльфаСтрахование,2024-05-29,2025-05-29,10354
69,272,Ингосстрах,2025-02-11,2026-02-11,6707
70,765,Росгосстрах,2024-09-21,2025-09-21,19396
71,848,Ингосстрах,2024-06-15,2025-06-15,22906
72,948,Росгосстрах,2025-12-22,2026-12-22,20606
73,1015,Ингосстрах,2024-12-21,2025-12-21,13534
74,848,Росгосстрах,2024-06-14,2025-06-14,24684
75,375,Ингосстрах,2026-01-08,2027-01-08,6639
76,792,Ингосстрах,2024-05-20,2025-05-20,22747
77,466,Т-Страхование,2026-04-06,2027-04-06,10049
78,961,АльфаСтрахование,2025-07-26,2026-07-26,16124
79,1036,Росгосстрах,2024-08-02,2025-08-02,10894
80,319,Ингосстрах,2024-11-27,2025-11-27,24621
81,83,Ингосстрах,2024-11-08,2025-11-08,17624
82,808,Ингосстрах,2024-10-06,2025-10-06,13346
83,1039,АльфаСтрахование,2024-09-11,2025-09-11,13106
84,995,АльфаСтрахование,2025-07-21,2026-07-21,11148
85,925,Росгосстрах,2025-01-25,2026-01-25,11104
86,205,АльфаСтрахование,2025-11-24,2026-11-24,7770
87,177,Росгосстрах,2026-03-25,2027-03-25,8906
88,1088,Т-Страхование,2024-12-09,2025-12-09,21826
89,86,АльфаСтрахование,2024-04-26,2025-04-26,16359
90,1133,Т-Страхование,2025-09-21,2026-09-21,6638
91,152,Т-Страхование,2025-01-15,2026-01-15,6621
92,993,Ингосстрах,2026-01-02,2027-01-02,6181
93,462,АльфаСтрахование,2025-03-27,2026-03-27,16551
94,213,Ингосстрах,2026-02-18,2027-02-18,16631
95,365,Ингосстрах,2025-06-09,2026-06-09,8584
96,1012,Росгосстрах,2025-10-20,2026-10-20,10657
97,360,АльфаСтрахование,2025-02-20,2026-02-20,21129
98,795,Ингосстрах,2024-11-30,2025-11-30,13184
99,452,Т-Страхование,2024-08-16,2025-08-16,10956
100,335,Росгосстрах,2025-07-12,2026-07-12,16819
101,593,АльфаСтрахование,2026-01-10,2027-01-10,9729
102,232,Т-Страхование,2025-02-22,2026-02-22,10772
103,772,Ингосстрах,2025-11-22,2026-11-22,13541
104,784,АльфаСтрахование,2024-07-27,2025-07-27,11399
105,4,АльфаСтрахование,2025-10-24,2026-10-24,11630
106,594,Ингосстрах,2026-04-11,2027-04-11,14897
107,907,Росгосстрах,2025-05-09,2026-05-09,14985
108,1029,Т-Страхование,2024-09-04,2025-09-04,21664
109,1189,Ингосстрах,2025-12-09,2026-12-09,5384
110,555,Т-Страхование,2024-11-24,2025-11-24,5681
111,341,Росгосстрах,2025-12-28,2026-12-28,17261
112,774,Ингосстрах,2025-12-03,2026-12-03,7338
113,642,АльфаСтрахование,2025-04-13,2026-04-13,19686
114,1018,Ингосстрах,2026-03-28,2027-03-28,10952
115,814,Т-Страхование,2025-12-20,2026-12-20,11855
116,328,Ингосстрах,2024-08-07,2025-08-07,18569
117,478,Ингосстрах,2026-01-07,2027-01-07,11061
118,927,Т-Страхование,2025-05-10,2026-05-10,20537
119,654,АльфаСтрахование,2025-09-29,2026-09-29,10243
120,735,АльфаСтрахование,2024-10-02,2025-10-02,5574
121,857,Росгосстрах,2024-06-15,2025-06-15,18086
122,716,Росгосстрах,2025-06-04,2026-06-04,9645
123,275,Росгосстрах,2026-02-21,2027-02-21,17087
124,1173,АльфаСтрахование,2025-06-28,2026-06-28,9944
125,586,Росгосстрах,2025-07-09,2026-07-09,7337
126,661,Т-Страхование,2025-05-09,2026-05-09,12155
127,87,АльфаСтрахование,2024-05-21,2025-05-21,24379
128,651,Ингосстрах,2025-03-26,2026-03-26,24056
129,824,АльфаСтрахование,2026-04-03,2027-04-03,19283
130,501,Т-Страхование,2024-05-29,2025-05-29,10051
131,837,АльфаСтрахование,2024-12-18,2025-12-18,14720
132,369,Росгосстрах,2024-11-16,2025-11-16,19138
133,773,Росгосстрах,2025-02-19,2026-02-19,15984
134,531,Росгосстрах,2024-08-11,2025-08-11,23062
135,696,Росгосстрах,2024-05-06,2025-05-06,11374
136,420,Росгосстрах,2024-10-03,2025-10-03,12308
137,1103,Росгосстрах,2025-04-02,2026-04-02,6428
138,559,АльфаСтрахование,2024-11-27,2025-11-27,10145
139,132,Росгосстрах,2026-04-16,2027-04-16,10792
140,311,Росгосстрах,2024-12-02,2025-12-02,10665
141,157,Ингосстрах,2025-11-12,2026-11-12,14701
142,1048,Росгосстрах,2025-01-22,2026-01-22,17205
143,1103,АльфаСтрахование,2025-04-27,2026-04-27,19268
144,1113,Т-Страхование,2024-06-18,2025-06-18,22556
145,1023,Т-Страхование,2025-07-14,2026-07-14,14763
146,18,Росгосстрах,2025-08-21,2026-08-21,24098
147,225,Ингосстрах,2024-06-21,2025-06-21,13589
148,1140,Росгосстрах,2025-09-23,2026-09-23,17761
149,634,Ингосстрах,2025-03-27,2026-03-27,9376
150,2,Росгосстрах,2025-10-02,2026-10-02,17722
151,364,Т-Страхование,2025-04-28,2026-04-28,19491
152,1075,Т-Страхование,2024-09-25,2025-09-25,13013
153,643,Ингосстрах,2024-11-27,2025-11-27,17704
154,823,Ингосстрах,2025-10-17,2026-10-17,18084
155,637,Росгосстрах,2024-08-16,2025-08-16,24522
156,892,АльфаСтрахование,2026-02-14,2027-02-14,12133
157,607,АльфаСтрахование,2025-08-22,2026-08-22,8663
158,289,Т-Страхование,2024-06-19,2025-06-19,9745
159,367,Росгосстрах,2024-11-06,2025-11-06,11334
160,375,Росгосстрах,2024-08-13,2025-08-13,15015
161,131,Росгосстрах,2024-07-03,2025-07-03,14316
162,335,Ингосстрах,2024-07-09,2025-07-09,22429
163,445,Росгосстрах,2024-11-25,2025-11-25,14221
164,995,Росгосстрах,2024-05-12,2025-05-12,7950
165,965,Т-Страхование,2025-04-18,2026-04-18,10027
166,833,Ингосстрах,2025-09-14,2026-09-14,23853
167,1079,Росгосстрах,2025-06-30,2026-06-30,10271
168,1053,АльфаСтрахование,2025-12-14,2026-12-14,8633
169,1126,Росгосстрах,2024-06-22,2025-06-22,6868
170,450,Т-Страхование,2026-02-22,2027-02-22,18836
171,840,Росгосстрах,2024-10-19,2025-10-19,10508
172,5,Росгосстрах,2025-03-28,2026-03-28,5176
173,713,АльфаСтрахование,2025-09-20,2026-09-20,10285
174,1105,Ингосстрах,2025-02-12,2026-02-12,11337
175,1115,Т-Страхование,2026-01-20,2027-01-20,11178
176,198,Росгосстрах,2024-12-21,2025-12-21,15543
177,96,Ингосстрах,2025-07-31,2026-07-31,10880
178,554,АльфаСтрахование,2024-08-03,2025-08-03,22349
179,482,Росгосстрах,2026-01-24,2027-01-24,16641
180,1133,АльфаСтрахование,2025-07-27,2026-07-27,18694
181,351,Росгосстрах,2024-04-30,2025-04-30,6954
182,924,Т-Страхование,2025-05-12,2026-05-12,22497
183,886,АльфаСтрахование,2024-06-06,2025-06-06,19987
184,894,АльфаСтрахование,2024-09-18,2025-09-18,12442
185,364,АльфаСтрахование,2025-05-30,2026-05-30,21436
186,790,АльфаСтрахование,2026-01-14,2027-01-14,12028
187,991,Т-Страхование,2024-10-12,2025-10-12,7729
188,1036,Ингосстрах,2026-02-11,2027-02-11,8737
189,1111,Т-Страхование,2025-07-04,2026-07-04,10801
190,815,Т-Страхование,2024-12-05,2025-12-05,8432
191,508,Т-Страхование,2024-09-04,2025-09-04,23092
192,625,Росгосстрах,2025-04-17,2026-04-17,5026
193,153,АльфаСтрахование,2024-07-20,2025-07-20,10080
194,1036,АльфаСтрахование,2026-02-12,2027-02-12,11590
195,463,АльфаСтрахование,2025-11-23,2026-11-23,8248
196,1108,АльфаСтрахование,2024-10-11,2025-10-11,16446
197,383,Т-Страхование,2025-11-08,2026-11-08,24663
198,130,Т-Страхование,2024-11-14,2025-11-14,15661
199,41,Т-Страхование,2024-08-12,2025-08-12,20803
200,1010,Т-Страхование,2024-12-10,2025-12-10,8112
201,89,Т-Страхование,2025-05-08,2026-05-08,17131
202,1192,АльфаСтрахование,2024-06-06,2025-06-06,5205
203,1103,Росгосстрах,2025-03-12,2026-03-12,13729
204,507,Росгосстрах,2025-09-23,2026-09-23,9175
205,957,Т-Страхование,2026-03-22,2027-03-22,18426
206,240,Т-Страхование,2024-12-09,2025-12-09,21487
207,227,Ингосстрах,2025-09-21,2026-09-21,24445
208,859,АльфаСтрахование,2025-09-23,2026-09-23,22728
209,613,Ингосстрах,2025-07-08,2026-07-08,21301
210,365,Росгосстрах,2024-08-04,2025-08-04,9937
211,801,Т-Страхование,2024-07-31,2025-07-31,17079
212,818,Т-Страхование,2026-01-28,2027-01-28,10597
213,725,Росгосстрах,2024-07-31,2025-07-31,9533
214,663,Т-Страхование,2024-12-23,2025-12-23,11689
215,631,АльфаСтрахование,2025-10-14,2026-10-14,16253
216,668,АльфаСтрахование,2025-04-03,2026-04-03,24737
217,559,Т-Страхование,2026-01-03,2027-01-03,5295
218,911,Ингосстрах,2026-01-15,2027-01-15,9472
219,1187,Росгосстрах,2025-12-04,2026-12-04,19583
220,550,Т-Страхование,2024-07-07,2025-07-07,9676
221,844,Т-Страхование,2025-03-16,2026-03-16,24341
222,624,Росгосстрах,2025-11-06,2026-11-06,19348
223,1176,Т-Страхование,2026-03-10,2027-03-10,20873
224,45,Росгосстрах,2024-12-04,2025-12-04,23128
225,937,Ингосстрах,2024-05-31,2025-05-31,21319
226,523,Ингосстрах,2025-12-30,2026-12-30,23709
227,583,Т-Страхование,2024-05-14,2025-05-14,14037
228,155,АльфаСтрахование,2024-11-26,2025-11-26,24931
229,1033,Ингосстрах,2026-02-12,2027-02-12,8687
230,842,Т-Страхование,2025-05-17,2026-05-17,12947
231,592,Т-Страхование,2026-03-27,2027-03-27,22006
232,704,АльфаСтрахование,2025-10-23,2026-10-23,18063
233,1191,Росгосстрах,2025-07-10,2026-07-10,17478
234,600,Росгосстрах,2025-01-27,2026-01-27,13690
235,594,Ингосстрах,2026-01-21,2027-01-21,5323
236,342,Т-Страхование,2024-08-27,2025-08-27,5324
237,670,АльфаСтрахование,2024-11-13,2025-11-13,8875
238,65,АльфаСтрахование,2024-07-23,2025-07-23,18057
239,286,Т-Страхование,2024-11-15,2025-11-15,6280
240,813,Т-Страхование,2024-10-12,2025-10-12,14498
241,1133,Росгосстрах,2025-08-30,2026-08-30,5592
242,1115,АльфаСтрахование,2024-11-27,2025-11-27,13865
243,1095,Ингосстрах,2025-12-25,2026-12-25,16749
244,1066,Росгосстрах,2026-01-29,2027-01-29,12256
245,2,АльфаСтрахование,2026-03-20,2027-03-20,6348
246,676,Т-Страхование,2025-10-21,2026-10-21,14998
247,1108,АльфаСтрахование,2025-10-29,2026-10-29,24497
248,971,Ингосстрах,2025-10-13,2026-10-13,8472
249,1134,Ингосстрах,2025-01-30,2026-01-30,18631
250,485,Росгосстрах,2025-03-22,2026-03-22,9894
251,916,Ингосстрах,2024-12-18,2025-12-18,5416
252,97,Росгосстрах,2025-03-06,2026-03-06,11974
253,95,Ингосстрах,2026-04-04,2027-04-04,17791
254,826,Росгосстрах,2025-02-23,2026-02-23,24404
255,729,АльфаСтрахование,2024-10-09,2025-10-09,5566
256,733,Т-Страхование,2025-08-04,2026-08-04,14593
257,199,Ингосстрах,2025-05-01,2026-05-01,23524
258,393,Т-Страхование,2024-06-23,2025-06-23,22739
259,603,Т-Страхование,2026-01-15,2027-01-15,19707
260,1167,Росгосстрах,2025-05-16,2026-05-16,21470
261,983,Росгосстрах,2024-05-25,2025-05-25,8876
262,1088,Т-Страхование,2026-02-04,2027-02-04,10308
263,849,Росгосстрах,2024-07-01,2025-07-01,6023
264,232,АльфаСтрахование,2024-08-09,2025-08-09,19015
265,763,Росгосстрах,2025-11-12,2026-11-12,6559
266,473,Ингосстрах,2026-04-07,2027-04-07,14687
267,621,Ингосстрах,2024-05-27,2025-05-27,9309
268,89,Т-Страхование,2025-02-16,2026-02-16,20858
269,562,Ингосстрах,2024-10-01,2025-10-01,18826
270,1145,Т-Страхование,2024-10-27,2025-10-27,17262
271,338,Ингосстрах,2025-01-22,2026-01-22,6265
272,774,АльфаСтрахование,2026-04-18,2027-04-18,9130
273,240,Ингосстрах,2025-05-11,2026-05-11,16278
274,894,Т-Страхование,2025-01-25,2026-01-25,9486
275,646,Т-Страхование,2025-08-30,2026-08-30,10841
276,378,АльфаСтрахование,2025-07-16,2026-07-16,9092
277,17,Ингосстрах,2025-08-11,2026-08-11,12730
278,442,Ингосстрах,2025-10-28,2026-10-28,19404
279,61,Ингосстрах,2025-04-28,2026-04-28,21348
280,630,Т-Страхование,2025-08-17,2026-08-17,17740
281,622,Ингосстрах,2024-11-21,2025-11-21,15671
282,763,АльфаСтрахование,2025-07-31,2026-07-31,24686
283,896,Ингосстрах,2025-04-21,2026-04-21,10594
284,198,АльфаСтрахование,2024-12-24,2025-12-24,22510
285,462,Ингосстрах,2026-03-18,2027-03-18,5200
286,1002,Росгосстрах,2025-03-03,2026-03-03,9495
287,589,Ингосстрах,2025-04-15,2026-04-15,16393
288,447,Росгосстрах,2025-01-24,2026-01-24,10446
289,116,Росгосстрах,2025-03-14,2026-03-14,13163
290,808,АльфаСтрахование,2024-11-26,2025-11-26,11056
291,188,Росгосстрах,2025-02-11,2026-02-11,20476
292,486,АльфаСтрахование,2025-09-17,2026-09-17,20181
293,1014,АльфаСтрахование,2025-03-16,2026-03-16,18946
294,555,АльфаСтрахование,2025-05-13,2026-05-13,16354
295,1139,Ингосстрах,2025-02-09,2026-02-09,15526
296,1135,Ингосстрах,2025-02-25,2026-02-25,10602
297,371,Ингосстрах,2026-04-19,2027-04-19,10580
298,710,АльфаСтрахование,2025-03-31,2026-03-31,15244
299,208,Т-Страхование,2026-01-07,2027-01-07,8789
300,1029,Ингосстрах,2024-11-07,2025-11-07,21031
301,755,Росгосстрах,2025-07-13,2026-07-13,19700
302,137,Росгосстрах,2025-10-29,2026-10-29,16009
303,107,Росгосстрах,2024-07-04,2025-07-04,16903
304,632,Росгосстрах,2024-10-10,2025-10-10,13464
305,918,Т-Страхование,2024-12-14,2025-12-14,15068
306,552,Т-Страхование,2025-10-20,2026-10-20,12547
307,750,АльфаСтрахование,2025-05-24,2026-05-24,16685
308,290,Ингосстрах,2024-07-12,2025-07-12,19364
309,1084,Ингосстрах,2025-02-22,2026-02-22,8674
310,945,Росгосстрах,2026-04-05,2027-04-05,16678
311,1190,Ингосстрах,2025-07-20,2026-07-20,23713
312,941,АльфаСтрахование,2025-12-07,2026-12-07,13518
313,593,АльфаСтрахование,2025-12-23,2026-12-23,6200
314,683,АльфаСтрахование,2025-11-08,2026-11-08,21001
315,1046,Росгосстрах,2024-11-25,2025-11-25,12282
316,400,Росгосстрах,2026-03-30,2027-03-30,22362
317,446,Т-Страхование,2024-05-02,2025-05-02,7724
318,141,АльфаСтрахование,2024-10-05,2025-10-05,12852
319,1068,АльфаСтрахование,2024-08-29,2025-08-29,18995
320,77,Т-Страхование,2024-12-13,2025-12-13,21581
321,1096,АльфаСтрахование,2025-12-18,2026-12-18,23245
322,140,Ингосстрах,2024-08-11,2025-08-11,10704
323,983,Т-Страхование,2024-08-26,2025-08-26,11432
324,20,Ингосстрах,2024-07-17,2025-07-17,23181
325,891,АльфаСтрахование,2025-03-17,2026-03-17,15353
326,129,Ингосстрах,2025-10-19,2026-10-19,10948
327,251,Т-Страхование,2024-11-07,2025-11-07,15018
328,837,Ингосстрах,2025-11-21,2026-11-21,11969
329,671,АльфаСтрахование,2025-01-22,2026-01-22,20814
330,1049,Росгосстрах,2024-09-25,2025-09-25,8326
331,1049,Росгосстрах,2025-10-20,2026-10-20,16673
332,871,Т-Страхование,2024-08-06,2025-08-06,11160
333,600,Ингосстрах,2026-03-01,2027-03-01,17501
334,1017,Росгосстрах,2025-10-02,2026-10-02,20702
335,907,Т-Страхование,2024-11-29,2025-11-29,10327
336,815,Росгосстрах,2025-11-04,2026-11-04,15170
337,460,АльфаСтрахование,2024-12-01,2025-12-01,17977
338,280,Ингосстрах,2025-10-11,2026-10-11,17323
339,881,Ингосстрах,2025-08-28,2026-08-28,16188
340,108,Росгосстрах,2024-08-04,2025-08-04,6210
341,230,Росгосстрах,2024-07-25,2025-07-25,22441
342,1135,Ингосстрах,2024-12-16,2025-12-16,20718
343,467,Росгосстрах,2025-02-26,2026-02-26,22409
344,480,Ингосстрах,2024-07-05,2025-07-05,10364
345,195,Росгосстрах,2024-05-03,2025-05-03,22704
346,839,Ингосстрах,2024-05-05,2025-05-05,14420
347,349,Ингосстрах,2024-11-29,2025-11-29,17775
348,568,Ингосстрах,2025-07-11,2026-07-11,20001
349,1194,Ингосстрах,2025-05-26,2026-05-26,19353
350,350,Ингосстрах,2024-09-18,2025-09-18,21065
351,673,Ингосстрах,2024-12-23,2025-12-23,22036
352,259,Росгосстрах,2025-08-18,2026-08-18,24409
353,106,АльфаСтрахование,2024-05-26,2025-05-26,9700
354,147,Т-Страхование,2026-02-01,2027-02-01,24130
355,948,Росгосстрах,2024-06-02,2025-06-02,9510
356,613,АльфаСтрахование,2025-01-07,2026-01-07,24937
357,926,Росгосстрах,2026-02-06,2027-02-06,20142
358,30,Ингосстрах,2025-05-18,2026-05-18,24025
359,1084,Ингосстрах,2024-07-09,2025-07-09,13607
360,674,Росгосстрах,2025-12-07,2026-12-07,13712
361,423,Т-Страхование,2025-08-16,2026-08-16,21264
362,328,Т-Страхование,2025-07-02,2026-07-02,22149
363,215,Росгосстрах,2024-09-19,2025-09-19,10971
364,446,Росгосстрах,2025-03-17,2026-03-17,11878
365,1082,Ингосстрах,2025-02-01,2026-02-01,19234
366,1099,Росгосстрах,2024-06-20,2025-06-20,7684
367,1184,АльфаСтрахование,2025-12-07,2026-12-07,24980
368,1007,Росгосстрах,2024-12-06,2025-12-06,14014
369,690,Росгосстрах,2025-02-27,2026-02-27,5742
370,1174,АльфаСтрахование,2025-07-18,2026-07-18,8452
371,912,Т-Страхование,2024-06-06,2025-06-06,23910
372,97,Ингосстрах,2024-12-29,2025-12-29,15342
373,303,Т-Страхование,2025-07-29,2026-07-29,18859
374,1199,АльфаСтрахование,2025-09-22,2026-09-22,12242
375,766,Росгосстрах,2024-06-28,2025-06-28,15259
376,1034,Росгосстрах,2025-06-14,2026-06-14,20226
377,25,Ингосстрах,2026-03-28,2027-03-28,11394
378,260,Т-Страхование,2024-10-16,2025-10-16,5654
379,249,Росгосстрах,2025-05-01,2026-05-01,23863
380,494,Росгосстрах,2025-03-09,2026-03-09,5341
381,510,АльфаСтрахование,2025-01-22,2026-01-22,23792
382,972,Ингосстрах,2024-09-28,2025-09-28,9404
383,646,Ингосстрах,2025-08-17,2026-08-17,8973
384,499,Т-Страхование,2025-04-13,2026-04-13,6384
385,1176,Росгосстрах,2025-07-14,2026-07-14,22403
386,672,Росгосстрах,2025-11-27,2026-11-27,21458
387,252,Росгосстрах,2024-05-18,2025-05-18,14286
388,672,Росгосстрах,2024-05-21,2025-05-21,9444
389,614,АльфаСтрахование,2024-12-28,2025-12-28,20107
390,424,Т-Страхование,2025-04-14,2026-04-14,7283
391,703,Т-Страхование,2025-06-15,2026-06-15,11738
392,777,Т-Страхование,2024-10-08,2025-10-08,9582
393,901,Росгосстрах,2025-12-08,2026-12-08,12111
394,715,Т-Страхование,2024-11-07,2025-11-07,23623
395,503,АльфаСтрахование,2024-07-02,2025-07-02,16574
396,496,Росгосстрах,2024-05-06,2025-05-06,5233
397,684,Ингосстрах,2025-06-18,2026-06-18,19096
398,186,Ингосстрах,2024-05-31,2025-05-31,14564
399,923,АльфаСтрахование,2025-05-14,2026-05-14,7816
400,685,Т-Страхование,2025-01-26,2026-01-26,17306
401,491,Т-Страхование,2024-05-20,2025-05-20,23615
402,381,Ингосстрах,2026-03-24,2027-03-24,16361
403,237,Росгосстрах,2025-07-25,2026-07-25,17446
404,595,АльфаСтрахование,2025-01-05,2026-01-05,17874
405,88,АльфаСтрахование,2024-06-07,2025-06-07,21648
406,492,Т-Страхование,2025-09-15,2026-09-15,20930
407,373,Т-Страхование,2026-04-17,2027-04-17,5923
408,325,Т-Страхование,2024-10-04,2025-10-04,17393
409,840,Росгосстрах,2024-12-30,2025-12-30,16243
410,511,Ингосстрах,2024-11-20,2025-11-20,10802
411,1068,Росгосстрах,2026-03-25,2027-03-25,17376
412,523,Ингосстрах,2025-02-06,2026-02-06,7250
413,845,Росгосстрах,2024-07-19,2025-07-19,6145
414,215,Т-Страхование,2024-10-02,2025-10-02,15594
415,420,Ингосстрах,2026-03-31,2027-03-31,22544
416,614,Т-Страхование,2025-03-22,2026-03-22,13703
417,88,Ингосстрах,2024-11-22,2025-11-22,9077
418,77,АльфаСтрахование,2024-05-22,2025-05-22,23357
419,1120,Росгосстрах,2024-07-29,2025-07-29,9435
420,1005,АльфаСтрахование,2025-11-07,2026-11-07,5271
421,541,АльфаСтрахование,2025-10-17,2026-10-17,20945
422,860,АльфаСтрахование,2025-08-07,2026-08-07,18835
423,276,Росгосстрах,2026-03-15,2027-03-15,13627
424,531,Ингосстрах,2024-12-10,2025-12-10,19853
425,238,АльфаСтрахование,2024-09-06,2025-09-06,24397
426,650,АльфаСтрахование,2025-11-09,2026-11-09,5708
427,1179,Т-Страхование,2024-08-16,2025-08-16,23845
428,92,Т-Страхование,2025-10-09,2026-10-09,21229
429,824,Ингосстрах,2026-01-18,2027-01-18,24884
430,8,АльфаСтрахование,2024-05-26,2025-05-26,10673
431,1036,Ингосстрах,2025-09-21,2026-09-21,21683
432,931,Ингосстрах,2025-10-01,2026-10-01,15482
433,719,Росгосстрах,2025-07-02,2026-07-02,12770
434,674,Т-Страхование,2025-01-06,2026-01-06,9449
435,1006,Росгосстрах,2025-07-21,2026-07-21,19860
436,545,АльфаСтрахование,2024-12-28,2025-12-28,5697
437,871,Росгосстрах,2024-04-25,2025-04-25,8462
438,786,Ингосстрах,2024-09-18,2025-09-18,6150
439,416,Ингосстрах,2025-12-28,2026-12-28,11824
440,1032,Росгосстрах,2024-07-09,2025-07-09,21621
441,1011,АльфаСтрахование,2024-08-13,2025-08-13,22969
442,963,Т-Страхование,2025-12-29,2026-12-29,16768
443,1049,АльфаСтрахование,2025-12-02,2026-12-02,12668
444,440,Т-Страхование,2025-10-17,2026-10-17,14304
445,973,Т-Страхование,2026-02-01,2027-02-01,5456
446,515,Росгосстрах,2024-07-07,2025-07-07,12620
447,18,Росгосстрах,2025-01-27,2026-01-27,8693
448,715,АльфаСтрахование,2025-01-09,2026-01-09,21798
449,859,Росгосстрах,2026-03-31,2027-03-31,11104
450,1117,АльфаСтрахование,2025-07-12,2026-07-12,17972
451,273,Ингосстрах,2025-01-25,2026-01-25,13667
452,342,Росгосстрах,2025-07-13,2026-07-13,13584
453,139,АльфаСтрахование,2025-08-13,2026-08-13,12623
454,175,Росгосстрах,2026-02-08,2027-02-08,16668
455,923,Т-Страхование,2026-04-02,2027-04-02,9389
456,15,Ингосстрах,2025-11-19,2026-11-19,14158
457,136,Росгосстрах,2025-02-03,2026-02-03,6854
458,1014,Ингосстрах,2025-07-10,2026-07-10,8267
459,1158,АльфаСтрахование,2025-12-16,2026-12-16,10228
460,555,Ингосстрах,2024-09-04,2025-09-04,12870
461,1129,Росгосстрах,2026-04-02,2027-04-02,6949
462,989,Ингосстрах,2024-11-17,2025-11-17,8237
463,296,АльфаСтрахование,2024-06-16,2025-06-16,14078
464,1115,Т-Страхование,2025-08-07,2026-08-07,5922
465,1143,Т-Страхование,2025-10-14,2026-10-14,9948
466,799,Ингосстрах,2025-03-30,2026-03-30,23819
467,834,АльфаСтрахование,2024-07-18,2025-07-18,11007
468,364,Ингосстрах,2025-03-25,2026-03-25,7560
469,1016,Ингосстрах,2025-02-21,2026-02-21,9723
470,380,Ингосстрах,2025-01-10,2026-01-10,5458
471,543,АльфаСтрахование,2024-12-29,2025-12-29,10648
472,859,Росгосстрах,2026-03-30,2027-03-30,8535
473,1093,Росгосстрах,2026-01-05,2027-01-05,6161
474,395,Ингосстрах,2024-10-08,2025-10-08,17536
475,1077,Т-Страхование,2025-02-11,2026-02-11,8251
476,782,АльфаСтрахование,2026-01-12,2027-01-12,6646
477,973,Росгосстрах,2024-05-28,2025-05-28,9892
478,1119,Т-Страхование,2024-07-23,2025-07-23,19701
479,348,Росгосстрах,2025-06-20,2026-06-20,9962
480,72,Росгосстрах,2024-06-29,2025-06-29,24482
481,687,АльфаСтрахование,2024-07-16,2025-07-16,17809
482,849,АльфаСтрахование,2025-09-06,2026-09-06,7296
483,1170,Ингосстрах,2025-04-23,2026-04-23,11441
484,839,Росгосстрах,2025-12-09,2026-12-09,5326
485,695,Т-Страхование,2024-04-23,2025-04-23,20590
486,642,Росгосстрах,2024-09-28,2025-09-28,6963
487,197,Т-Страхование,2024-08-01,2025-08-01,12975
488,280,Ингосстрах,2025-06-22,2026-06-22,23451
489,26,Росгосстрах,2024-05-27,2025-05-27,20118
490,443,Т-Страхование,2025-09-25,2026-09-25,7931
491,389,Росгосстрах,2024-11-02,2025-11-02,19793
492,352,АльфаСтрахование,2024-08-18,2025-08-18,8064
493,224,АльфаСтрахование,2025-10-13,2026-10-13,22712
494,780,Росгосстрах,2025-01-23,2026-01-23,21689
495,968,Росгосстрах,2024-09-26,2025-09-26,17774
496,1016,АльфаСтрахование,2025-06-14,2026-06-14,11082
497,246,Росгосстрах,2024-09-25,2025-09-25,13319
498,648,Ингосстрах,2025-02-25,2026-02-25,18353
499,230,Т-Страхование,2024-06-16,2025-06-16,8635
500,1167,АльфаСтрахование,2026-03-04,2027-03-04,22929
501,141,Т-Страхование,2024-12-01,2025-12-01,5206
502,932,Ингосстрах,2024-11-16,2025-11-16,15039
503,502,Т-Страхование,2026-01-24,2027-01-24,6762
504,297,АльфаСтрахование,2025-10-15,2026-10-15,14880
505,601,АльфаСтрахование,2025-10-25,2026-10-25,11018
506,739,АльфаСтрахование,2025-08-19,2026-08-19,8042
507,814,Росгосстрах,2024-07-26,2025-07-26,9720
508,702,АльфаСтрахование,2025-04-22,2026-04-22,12034
509,553,Росгосстрах,2025-07-17,2026-07-17,9650
510,35,Ингосстрах,2024-08-22,2025-08-22,14997
511,914,Т-Страхование,2026-01-22,2027-01-22,10907
512,770,Росгосстрах,2024-06-16,2025-06-16,11823
513,375,Т-Страхование,2025-09-13,2026-09-13,16571
514,647,Росгосстрах,2025-03-13,2026-03-13,12361
515,268,Т-Страхование,2025-01-10,2026-01-10,18401
516,162,Т-Страхование,2024-06-18,2025-06-18,24748
517,615,Росгосстрах,2024-12-20,2025-12-20,9388
518,554,Ингосстрах,2026-01-31,2027-01-31,16766
519,1197,Ингосстрах,2026-02-19,2027-02-19,8668
520,783,Росгосстрах,2025-06-20,2026-06-20,9306
521,217,Росгосстрах,2024-07-25,2025-07-25,23840
522,227,Ингосстрах,2026-03-03,2027-03-03,22597
523,1191,Росгосстрах,2024-06-11,2025-06-11,10594
524,881,Т-Страхование,2024-07-09,2025-07-09,14356
525,1098,Т-Страхование,2026-02-23,2027-02-23,13365
526,981,Т-Страхование,2026-02-19,2027-02-19,21832
527,863,АльфаСтрахование,2024-12-07,2025-12-07,12008
528,950,Т-Страхование,2026-03-21,2027-03-21,6926
529,20,Ингосстрах,2025-03-06,2026-03-06,15222
530,935,Ингосстрах,2025-06-26,2026-06-26,5774
531,1047,АльфаСтрахование,2025-05-15,2026-05-15,19362
532,1142,Росгосстрах,2024-09-08,2025-09-08,23499
533,225,Росгосстрах,2025-02-11,2026-02-11,21079
534,598,АльфаСтрахование,2024-07-21,2025-07-21,7809
535,896,Ингосстрах,2024-07-23,2025-07-23,6429
536,104,Т-Страхование,2025-05-11,2026-05-11,23719
537,1084,АльфаСтрахование,2024-10-22,2025-10-22,17879
538,262,АльфаСтрахование,2025-04-29,2026-04-29,15683
539,472,Ингосстрах,2024-05-04,2025-05-04,22705
540,551,Т-Страхование,2024-09-04,2025-09-04,13861
541,920,Росгосстрах,2024-07-26,2025-07-26,21520
542,324,Росгосстрах,2025-02-08,2026-02-08,12340
543,1176,Т-Страхование,2024-10-02,2025-10-02,15438
544,562,Т-Страхование,2025-06-20,2026-06-20,11143
545,304,Росгосстрах,2026-01-29,2027-01-29,10510
546,136,АльфаСтрахование,2025-12-07,2026-12-07,11530
547,1007,АльфаСтрахование,2026-03-11,2027-03-11,5476
548,736,Ингосстрах,2024-11-08,2025-11-08,5048
549,427,АльфаСтрахование,2025-01-19,2026-01-19,5064
550,125,Росгосстрах,2024-05-25,2025-05-25,5595
551,1124,Т-Страхование,2026-02-23,2027-02-23,13148
552,598,Т-Страхование,2024-09-28,2025-09-28,19858
553,491,Росгосстрах,2025-01-29,2026-01-29,5158
554,7,Росгосстрах,2025-01-01,2026-01-01,8975
555,517,Росгосстрах,2025-08-23,2026-08-23,18310
556,6,Росгосстрах,2025-07-20,2026-07-20,23993
557,190,Т-Страхование,2025-08-01,2026-08-01,23602
558,312,АльфаСтрахование,2025-02-25,2026-02-25,9550
559,1013,АльфаСтрахование,2026-04-12,2027-04-12,19966
560,1192,Т-Страхование,2025-04-16,2026-04-16,6465
561,796,Росгосстрах,2024-10-13,2025-10-13,22752
562,690,Ингосстрах,2024-06-30,2025-06-30,22803
563,169,Т-Страхование,2024-09-24,2025-09-24,20729
564,529,Т-Страхование,2025-09-20,2026-09-20,13026
565,84,Росгосстрах,2024-07-15,2025-07-15,5755
566,1055,Ингосстрах,2024-08-18,2025-08-18,12180
567,511,Т-Страхование,2024-07-23,2025-07-23,8890
568,199,АльфаСтрахование,2024-09-27,2025-09-27,19603
569,169,Росгосстрах,2026-01-06,2027-01-06,22150
570,175,Ингосстрах,2026-02-21,2027-02-21,8029
571,1138,Ингосстрах,2026-01-11,2027-01-11,13491
572,676,АльфаСтрахование,2025-12-18,2026-12-18,23786
573,633,АльфаСтрахование,2024-06-19,2025-06-19,5595
574,388,Ингосстрах,2025-11-05,2026-11-05,5394
575,141,Ингосстрах,2026-03-21,2027-03-21,11666
576,664,АльфаСтрахование,2026-02-19,2027-02-19,14100
577,846,Т-Страхование,2024-09-13,2025-09-13,5982
578,915,Ингосстрах,2024-12-20,2025-12-20,17290
579,1178,Ингосстрах,2024-09-23,2025-09-23,14285
580,1192,Ингосстрах,2024-11-07,2025-11-07,18252
581,885,Т-Страхование,2025-10-25,2026-10-25,9858
582,110,Росгосстрах,2025-09-22,2026-09-22,6918
583,1128,АльфаСтрахование,2025-02-13,2026-02-13,13748
584,33,АльфаСтрахование,2025-02-11,2026-02-11,22664
585,188,АльфаСтрахование,2025-10-16,2026-10-16,9514
586,456,Т-Страхование,2025-02-18,2026-02-18,24544
587,592,Росгосстрах,2024-07-31,2025-07-31,9891
588,801,АльфаСтрахование,2026-01-26,2027-01-26,6103
589,1088,Ингосстрах,2025-08-05,2026-08-05,21410
590,144,Т-Страхование,2024-07-18,2025-07-18,13587
591,666,АльфаСтрахование,2024-09-26,2025-09-26,20321
592,466,Ингосстрах,2026-04-09,2027-04-09,11312
593,843,Ингосстрах,2025-10-14,2026-10-14,10235
594,456,Ингосстрах,2026-01-08,2027-01-08,19890
595,36,Росгосстрах,2025-02-09,2026-02-09,14655
596,179,АльфаСтрахование,2024-09-08,2025-09-08,8103
597,1147,АльфаСтрахование,2024-06-22,2025-06-22,23076
598,680,Росгосстрах,2025-01-07,2026-01-07,22988
599,238,Т-Страхование,2024-10-16,2025-10-16,7275
600,362,Ингосстрах,2025-07-27,2026-07-27,16336
601,1157,Росгосстрах,2024-11-23,2025-11-23,14399
602,815,Росгосстрах,2026-02-20,2027-02-20,6038
603,125,Т-Страхование,2024-11-09,2025-11-09,24713
604,355,АльфаСтрахование,2024-05-04,2025-05-04,6814
605,542,Т-Страхование,2025-12-06,2026-12-06,18382
606,49,Росгосстрах,2025-02-15,2026-02-15,7793
607,262,АльфаСтрахование,2024-04-24,2025-04-24,22117
608,294,Т-Страхование,2024-06-21,2025-06-21,7839
609,61,Росгосстрах,2026-02-04,2027-02-04,10759
610,411,АльфаСтрахование,2024-12-05,2025-12-05,23605
611,875,Росгосстрах,2025-03-14,2026-03-14,16496
612,184,АльфаСтрахование,2025-11-09,2026-11-09,5962
613,542,Ингосстрах,2024-07-19,2025-07-19,5377
614,1020,Т-Страхование,2025-10-15,2026-10-15,19261
615,666,АльфаСтрахование,2024-08-02,2025-08-02,13472
616,640,Т-Страхование,2024-04-30,2025-04-30,6507
617,626,АльфаСтрахование,2025-01-14,2026-01-14,9729
618,901,Т-Страхование,2025-11-02,2026-11-02,12168
619,615,Т-Страхование,2025-06-26,2026-06-26,5824
620,220,Росгосстрах,2024-11-22,2025-11-22,15908
621,485,Росгосстрах,2025-07-29,2026-07-29,16991
622,1023,АльфаСтрахование,2025-06-30,2026-06-30,15129
623,1008,АльфаСтрахование,2024-11-27,2025-11-27,13502
624,482,Ингосстрах,2024-11-09,2025-11-09,23295
625,864,Росгосстрах,2026-04-18,2027-04-18,21094
626,840,АльфаСтрахование,2025-04-08,2026-04-08,10347
627,651,Росгосстрах,2025-02-06,2026-02-06,9135
628,940,АльфаСтрахование,2024-10-10,2025-10-10,17918
629,928,Росгосстрах,2025-08-16,2026-08-16,21691
630,803,Т-Страхование,2024-09-25,2025-09-25,17695
631,720,Т-Страхование,2025-03-19,2026-03-19,10001
632,267,Ингосстрах,2026-03-28,2027-03-28,7509
633,906,Т-Страхование,2024-06-09,2025-06-09,22884
634,906,Ингосстрах,2024-05-14,2025-05-14,14615
635,970,Т-Страхование,2025-04-30,2026-04-30,7638
636,327,Росгосстрах,2024-12-09,2025-12-09,11805
637,741,Росгосстрах,2025-05-28,2026-05-28,6196
638,846,Росгосстрах,2024-07-16,2025-07-16,21720
639,622,Т-Страхование,2026-04-08,2027-04-08,14874
640,299,АльфаСтрахование,2024-09-26,2025-09-26,12710
641,642,Ингосстрах,2026-02-12,2027-02-12,11864
642,630,Росгосстрах,2025-10-07,2026-10-07,15067
643,859,Т-Страхование,2024-09-16,2025-09-16,22946
644,313,Росгосстрах,2025-02-03,2026-02-03,9941
645,178,Ингосстрах,2024-10-22,2025-10-22,19182
646,518,Ингосстрах,2024-10-03,2025-10-03,10361
647,731,Ингосстрах,2025-10-14,2026-10-14,23836
648,353,Росгосстрах,2024-10-29,2025-10-29,18096
649,567,Ингосстрах,2025-03-21,2026-03-21,7881
650,254,Росгосстрах,2026-03-29,2027-03-29,21156
651,401,Росгосстрах,2025-08-19,2026-08-19,22406
652,301,Т-Страхование,2024-11-22,2025-11-22,13161
653,6,Т-Страхование,2024-06-10,2025-06-10,12651
654,629,АльфаСтрахование,2026-02-28,2027-02-28,16054
655,589,АльфаСтрахование,2025-04-02,2026-04-02,7122
656,1082,Ингосстрах,2025-01-19,2026-01-19,24224
657,860,Росгосстрах,2024-07-18,2025-07-18,18276
658,830,Ингосстрах,2025-05-17,2026-05-17,5599
659,712,Росгосстрах,2024-05-15,2025-05-15,8301
660,90,АльфаСтрахование,2025-09-28,2026-09-28,7985
661,330,Ингосстрах,2024-04-25,2025-04-25,15190
662,402,Ингосстрах,2025-04-06,2026-04-06,7695
663,382,АльфаСтрахование,2025-09-20,2026-09-20,5960
664,243,Т-Страхование,2025-01-19,2026-01-19,6669
665,637,Т-Страхование,2025-02-17,2026-02-17,5137
666,491,Т-Страхование,2025-02-02,2026-02-02,9662
667,206,Т-Страхование,2025-06-12,2026-06-12,6732
668,120,АльфаСтрахование,2024-08-11,2025-08-11,10346
669,128,АльфаСтрахование,2025-01-09,2026-01-09,8441
670,915,Росгосстрах,2025-01-02,2026-01-02,7627
671,184,Ингосстрах,2024-11-11,2025-11-11,6062
672,28,АльфаСтрахование,2025-05-24,2026-05-24,14758
673,973,Росгосстрах,2025-11-17,2026-11-17,12887
674,220,Т-Страхование,2024-10-25,2025-10-25,8240
675,956,Т-Страхование,2025-05-21,2026-05-21,6493
676,215,Т-Страхование,2025-03-19,2026-03-19,10098
677,727,Росгосстрах,2025-06-30,2026-06-30,21624
678,530,Росгосстрах,2025-11-23,2026-11-23,24065
679,584,Т-Страхование,2026-03-29,2027-03-29,22166
680,674,Ингосстрах,2026-03-28,2027-03-28,5308
681,247,Росгосстрах,2026-02-18,2027-02-18,11751
682,897,Ингосстрах,2026-01-11,2027-01-11,12322
683,692,АльфаСтрахование,2025-02-08,2026-02-08,8911
684,47,Т-Страхование,2024-06-30,2025-06-30,10454
685,1144,Т-Страхование,2024-08-10,2025-08-10,22124
686,8,Т-Страхование,2024-09-24,2025-09-24,9508
687,959,Росгосстрах,2026-03-16,2027-03-16,12428
688,959,Росгосстрах,2025-10-03,2026-10-03,18615
689,217,Т-Страхование,2025-01-12,2026-01-12,5900
690,1132,Росгосстрах,2025-12-09,2026-12-09,20400
691,317,АльфаСтрахование,2025-06-01,2026-06-01,11645
692,787,Ингосстрах,2025-05-05,2026-05-05,20765
693,1005,Росгосстрах,2025-08-09,2026-08-09,22546
694,406,Т-Страхование,2024-04-24,2025-04-24,16103
695,465,Росгосстрах,2026-04-09,2027-04-09,19660
696,859,Росгосстрах,2025-01-10,2026-01-10,5228
697,373,Ингосстрах,2024-04-26,2025-04-26,22925
698,31,Ингосстрах,2025-04-30,2026-04-30,16530
699,954,Росгосстрах,2026-01-13,2027-01-13,5482
700,348,Ингосстрах,2024-09-29,2025-09-29,14606
701,398,АльфаСтрахование,2024-05-25,2025-05-25,11988
702,810,АльфаСтрахование,2025-10-20,2026-10-20,10317
703,249,Т-Страхование,2025-11-16,2026-11-16,24171
704,78,Т-Страхование,2025-07-30,2026-07-30,24741
705,784,Ингосстрах,2024-06-10,2025-06-10,19938
706,532,Т-Страхование,2025-05-01,2026-05-01,20471
707,41,Т-Страхование,2026-02-24,2027-02-24,19499
708,731,Росгосстрах,2024-07-30,2025-07-30,19317
709,243,АльфаСтрахование,2025-07-06,2026-07-06,23942
710,747,АльфаСтрахование,2024-11-03,2025-11-03,7930
711,660,Росгосстрах,2025-10-05,2026-10-05,8782
712,833,Ингосстрах,2025-09-27,2026-09-27,9757
713,796,Росгосстрах,2025-06-07,2026-06-07,5144
714,984,Росгосстрах,2024-12-22,2025-12-22,12129
715,405,Ингосстрах,2025-02-17,2026-02-17,6521
716,1071,Ингосстрах,2025-12-31,2026-12-31,10129
717,578,АльфаСтрахование,2024-11-01,2025-11-01,8686
718,1103,АльфаСтрахование,2025-02-17,2026-02-17,23936
719,281,Ингосстрах,2025-03-19,2026-03-19,22754
720,600,Росгосстрах,2025-03-02,2026-03-02,12221
721,49,Росгосстрах,2025-04-01,2026-04-01,14877
722,220,Т-Страхование,2024-09-20,2025-09-20,24683
723,153,Росгосстрах,2024-07-07,2025-07-07,15367
724,469,Росгосстрах,2026-04-01,2027-04-01,9828
725,207,Ингосстрах,2026-04-09,2027-04-09,7335
726,773,Т-Страхование,2024-10-05,2025-10-05,16951
727,1127,Т-Страхование,2025-12-01,2026-12-01,14528
728,828,АльфаСтрахование,2025-08-03,2026-08-03,12572
729,676,АльфаСтрахование,2025-11-19,2026-11-19,15153
730,1127,Росгосстрах,2025-03-03,2026-03-03,8062
731,7,Ингосстрах,2025-11-25,2026-11-25,5559
732,243,Ингосстрах,2024-09-08,2025-09-08,21340
733,862,Ингосстрах,2025-10-10,2026-10-10,10094
734,1005,Т-Страхование,2025-05-31,2026-05-31,9006
735,656,Т-Страхование,2025-02-24,2026-02-24,13086
736,1131,Ингосстрах,2024-10-31,2025-10-31,15516
737,228,АльфаСтрахование,2024-09-28,2025-09-28,22891
738,157,Т-Страхование,2025-06-20,2026-06-20,21144
739,675,Росгосстрах,2025-07-15,2026-07-15,9390
740,480,Ингосстрах,2025-04-14,2026-04-14,23441
741,1020,Росгосстрах,2025-01-07,2026-01-07,16185
742,742,Ингосстрах,2024-12-18,2025-12-18,10071
743,771,Росгосстрах,2025-05-08,2026-05-08,24613
744,946,АльфаСтрахование,2024-05-10,2025-05-10,12441
745,786,Росгосстрах,2024-07-23,2025-07-23,10030
746,606,Ингосстрах,2025-09-24,2026-09-24,19258
747,758,Ингосстрах,2024-06-23,2025-06-23,18855
748,948,Т-Страхование,2024-09-11,2025-09-11,9631
749,76,Ингосстрах,2024-06-26,2025-06-26,7118
750,905,Росгосстрах,2024-12-02,2025-12-02,5895
751,944,АльфаСтрахование,2024-09-22,2025-09-22,7003
752,1025,Т-Страхование,2026-02-10,2027-02-10,9014
753,741,Т-Страхование,2025-10-26,2026-10-26,13636
754,985,АльфаСтрахование,2025-01-26,2026-01-26,20766
755,126,АльфаСтрахование,2025-08-08,2026-08-08,8201
756,997,Ингосстрах,2026-01-23,2027-01-23,15056
757,468,Росгосстрах,2026-01-03,2027-01-03,11085
758,906,Ингосстрах,2025-11-20,2026-11-20,7388
759,618,Ингосстрах,2024-09-18,2025-09-18,20041
760,371,Т-Страхование,2026-03-19,2027-03-19,6632
761,332,АльфаСтрахование,2025-08-16,2026-08-16,15889
762,532,Т-Страхование,2024-10-16,2025-10-16,22304
763,825,АльфаСтрахование,2025-07-09,2026-07-09,19774
764,381,Ингосстрах,2024-11-10,2025-11-10,6497
765,919,Т-Страхование,2024-08-26,2025-08-26,19044
766,514,АльфаСтрахование,2026-03-22,2027-03-22,5337
767,913,Т-Страхование,2025-04-03,2026-04-03,11778
768,295,Т-Страхование,2024-09-02,2025-09-02,7215
769,423,Ингосстрах,2025-05-25,2026-05-25,11823
770,1124,Т-Страхование,2026-01-25,2027-01-25,20593
771,856,АльфаСтрахование,2025-11-22,2026-11-22,16735
772,257,АльфаСтрахование,2025-12-13,2026-12-13,22334
773,884,Т-Страхование,2024-08-16,2025-08-16,24902
774,107,Т-Страхование,2026-03-31,2027-03-31,5989
775,540,Т-Страхование,2025-12-31,2026-12-31,24376
776,479,АльфаСтрахование,2025-06-10,2026-06-10,6885
777,686,Ингосстрах,2026-03-12,2027-03-12,12710
778,532,Росгосстрах,2025-05-25,2026-05-25,16365
779,53,АльфаСтрахование,2024-07-25,2025-07-25,20540
780,410,Т-Страхование,2025-12-10,2026-12-10,7746
781,671,Т-Страхование,2025-01-20,2026-01-20,19059
782,528,Росгосстрах,2026-03-10,2027-03-10,15298
783,393,Ингосстрах,2025-03-12,2026-03-12,18483
784,923,Росгосстрах,2025-02-02,2026-02-02,20521
785,1025,Т-Страхование,2025-11-21,2026-11-21,21377
786,695,Ингосстрах,2025-08-21,2026-08-21,13345
787,326,Т-Страхование,2025-12-03,2026-12-03,7522
788,57,АльфаСтрахование,2026-01-10,2027-01-10,22267
789,532,АльфаСтрахование,2025-02-13,2026-02-13,10928
790,977,АльфаСтрахование,2024-05-03,2025-05-03,18187
791,267,Т-Страхование,2024-12-07,2025-12-07,11758
792,370,Росгосстрах,2024-06-03,2025-06-03,10769
793,360,АльфаСтрахование,2024-09-06,2025-09-06,20798
794,212,Росгосстрах,2025-06-28,2026-06-28,7457
795,952,Ингосстрах,2025-09-15,2026-09-15,21059
796,873,Росгосстрах,2025-04-18,2026-04-18,21115
797,219,Т-Страхование,2024-11-27,2025-11-27,10386
798,118,Ингосстрах,2024-12-15,2025-12-15,10164
799,1113,Ингосстрах,2025-04-15,2026-04-15,8736
800,592,Ингосстрах,2025-04-19,2026-04-19,23103
801,828,АльфаСтрахование,2026-04-03,2027-04-03,6061
802,768,АльфаСтрахование,2024-05-07,2025-05-07,8393
803,871,Росгосстрах,2025-02-15,2026-02-15,11793
804,1198,АльфаСтрахование,2024-11-26,2025-11-26,11133
805,61,АльфаСтрахование,2025-06-18,2026-06-18,18540
806,1165,Росгосстрах,2024-06-23,2025-06-23,8134
807,546,АльфаСтрахование,2024-09-29,2025-09-29,18025
808,551,Т-Страхование,2024-10-26,2025-10-26,7537
809,125,Т-Страхование,2025-01-09,2026-01-09,22903
810,52,Росгосстрах,2025-05-16,2026-05-16,19764
811,952,Росгосстрах,2025-06-02,2026-06-02,12079
812,165,Т-Страхование,2026-04-18,2027-04-18,11357
813,913,Росгосстрах,2024-08-24,2025-08-24,16220
814,23,Росгосстрах,2025-08-15,2026-08-15,14542
815,1195,АльфаСтрахование,2026-02-09,2027-02-09,11837
816,379,Т-Страхование,2025-07-24,2026-07-24,20035
817,376,Ингосстрах,2025-12-30,2026-12-30,14163
818,772,АльфаСтрахование,2024-08-21,2025-08-21,8707
819,903,АльфаСтрахование,2024-11-17,2025-11-17,23454
820,571,Т-Страхование,2026-02-23,2027-02-23,19196
821,495,Росгосстрах,2025-11-23,2026-11-23,22692
822,456,Росгосстрах,2024-11-29,2025-11-29,18031
823,666,Ингосстрах,2026-04-15,2027-04-15,6994
824,321,Ингосстрах,2024-08-02,2025-08-02,23023
825,666,Росгосстрах,2024-10-20,2025-10-20,24779
826,449,АльфаСтрахование,2026-03-15,2027-03-15,9168
827,947,АльфаСтрахование,2024-12-31,2025-12-31,21163
828,370,Росгосстрах,2025-12-15,2026-12-15,10245
829,1173,Росгосстрах,2024-05-27,2025-05-27,17701
830,456,Ингосстрах,2025-03-04,2026-03-04,6564
831,612,Т-Страхование,2025-06-21,2026-06-21,6949
832,257,Т-Страхование,2025-05-29,2026-05-29,18755
833,927,Т-Страхование,2024-12-21,2025-12-21,15850
834,352,Т-Страхование,2024-10-07,2025-10-07,10446
835,1133,Ингосстрах,2025-12-02,2026-12-02,16662
836,421,Т-Страхование,2025-07-26,2026-07-26,13676
837,766,Росгосстрах,2024-11-01,2025-11-01,19832
838,2,Т-Страхование,2025-07-25,2026-07-25,14874
839,6,Т-Страхование,2026-01-03,2027-01-03,21225
840,745,Т-Страхование,2024-10-13,2025-10-13,5711
841,348,Росгосстрах,2025-09-22,2026-09-22,22879
842,21,Росгосстрах,2026-01-26,2027-01-26,23515
843,352,Росгосстрах,2026-01-17,2027-01-17,10436
844,382,Росгосстрах,2026-04-20,2027-04-20,17170
845,613,АльфаСтрахование,2026-01-02,2027-01-02,6067
846,573,Ингосстрах,2025-08-18,2026-08-18,22767
847,1173,Росгосстрах,2025-02-19,2026-02-19,24162
848,462,АльфаСтрахование,2024-05-13,2025-05-13,10140
849,714,АльфаСтрахование,2025-02-21,2026-02-21,13102
850,423,АльфаСтрахование,2025-10-18,2026-10-18,5214
851,344,АльфаСтрахование,2024-08-13,2025-08-13,16715
852,138,Росгосстрах,2026-03-01,2027-03-01,10045
853,767,Ингосстрах,2025-03-16,2026-03-16,16273
854,122,Росгосстрах,2024-09-22,2025-09-22,12413
855,692,Ингосстрах,2025-06-18,2026-06-18,15766
856,69,АльфаСтрахование,2025-10-21,2026-10-21,18265
857,1190,Ингосстрах,2024-08-15,2025-08-15,11820
858,397,АльфаСтрахование,2024-10-18,2025-10-18,11315
859,333,Ингосстрах,2025-08-17,2026-08-17,13070
860,808,АльфаСтрахование,2024-07-17,2025-07-17,24401
861,874,АльфаСтрахование,2025-08-01,2026-08-01,5237
862,1101,Росгосстрах,2024-08-07,2025-08-07,16364
863,1156,АльфаСтрахование,2025-07-21,2026-07-21,9012
864,259,Ингосстрах,2024-12-08,2025-12-08,13854
865,186,АльфаСтрахование,2025-04-23,2026-04-23,23998
866,118,Т-Страхование,2026-04-09,2027-04-09,15922
867,805,Ингосстрах,2025-10-17,2026-10-17,24698
868,275,Росгосстрах,2025-11-22,2026-11-22,8863
869,293,АльфаСтрахование,2025-05-18,2026-05-18,21266
870,823,АльфаСтрахование,2025-10-08,2026-10-08,7465
871,986,Т-Страхование,2025-09-15,2026-09-15,15124
872,762,Ингосстрах,2025-04-23,2026-04-23,10244
873,135,Росгосстрах,2024-11-25,2025-11-25,17580
874,374,Ингосстрах,2025-01-23,2026-01-23,8044
875,1160,АльфаСтрахование,2025-12-27,2026-12-27,19684
876,701,Росгосстрах,2024-11-08,2025-11-08,24200
877,272,АльфаСтрахование,2026-01-08,2027-01-08,17960
878,915,Росгосстрах,2025-01-27,2026-01-27,12506
879,205,Т-Страхование,2025-03-14,2026-03-14,17202
880,476,Т-Страхование,2025-10-31,2026-10-31,9197
881,868,Ингосстрах,2025-10-03,2026-10-03,20514
882,653,АльфаСтрахование,2025-10-26,2026-10-26,21668
883,817,Ингосстрах,2026-01-08,2027-01-08,17553
884,211,АльфаСтрахование,2024-05-04,2025-05-04,5832
885,872,Росгосстрах,2026-02-19,2027-02-19,19698
886,469,Росгосстрах,2024-09-19,2025-09-19,5147
887,1170,АльфаСтрахование,2025-09-20,2026-09-20,22466
888,551,Ингосстрах,2024-07-26,2025-07-26,9503
889,554,Росгосстрах,2025-09-09,2026-09-09,11260
890,341,Росгосстрах,2025-08-29,2026-08-29,7057
891,725,АльфаСтрахование,2026-02-03,2027-02-03,15874
892,727,Росгосстрах,2026-04-11,2027-04-11,15413
893,193,Ингосстрах,2025-06-18,2026-06-18,11877
894,286,Росгосстрах,2025-03-08,2026-03-08,24067
895,216,Ингосстрах,2025-05-19,2026-05-19,12791
896,102,Т-Страхование,2026-03-20,2027-03-20,20896
897,945,АльфаСтрахование,2026-01-24,2027-01-24,13550
898,955,АльфаСтрахование,2025-02-16,2026-02-16,17267
899,515,АльфаСтрахование,2025-01-28,2026-01-28,10024
900,192,АльфаСтрахование,2025-07-19,2026-07-19,13335
901,659,Росгосстрах,2024-09-12,2025-09-12,24356
902,370,Росгосстрах,2025-04-26,2026-04-26,14912
903,1112,Т-Страхование,2025-07-31,2026-07-31,21142
904,85,Т-Страхование,2026-01-24,2027-01-24,21145
905,783,АльфаСтрахование,2025-07-30,2026-07-30,11847
906,481,АльфаСтрахование,2026-03-05,2027-03-05,24297
907,1144,Т-Страхование,2024-12-20,2025-12-20,16609
908,196,Ингосстрах,2026-04-12,2027-04-12,6873
909,340,Ингосстрах,2025-05-28,2026-05-28,20311
910,1112,Ингосстрах,2024-07-20,2025-07-20,19198
911,564,Росгосстрах,2026-01-19,2027-01-19,22031
912,684,Ингосстрах,2025-08-26,2026-08-26,22278
913,1087,АльфаСтрахование,2024-09-07,2025-09-07,22743
914,352,Ингосстрах,2025-08-06,2026-08-06,19327
915,979,АльфаСтрахование,2025-09-02,2026-09-02,18255
916,353,Росгосстрах,2025-03-09,2026-03-09,21643
917,546,Т-Страхование,2024-12-08,2025-12-08,20802
918,257,АльфаСтрахование,2024-12-29,2025-12-29,16875
919,625,АльфаСтрахование,2026-03-30,2027-03-30,15449
920,765,Росгосстрах,2024-11-30,2025-11-30,24189
921,803,АльфаСтрахование,2025-05-31,2026-05-31,23200
922,326,АльфаСтрахование,2026-01-30,2027-01-30,11015
923,718,Росгосстрах,2026-03-17,2027-03-17,8482
924,1093,АльфаСтрахование,2024-08-01,2025-08-01,16556
925,831,АльфаСтрахование,2025-04-15,2026-04-15,14826
926,916,АльфаСтрахование,2025-05-12,2026-05-12,23103
927,843,АльфаСтрахование,2024-07-29,2025-07-29,24299
928,516,АльфаСтрахование,2025-07-06,2026-07-06,5416
929,186,АльфаСтрахование,2025-11-13,2026-11-13,10325
930,504,Ингосстрах,2025-11-08,2026-11-08,7857
931,589,АльфаСтрахование,2025-01-18,2026-01-18,24464
932,24,Росгосстрах,2025-08-05,2026-08-05,24840
933,856,Т-Страхование,2024-06-24,2025-06-24,10578
934,909,Росгосстрах,2025-08-28,2026-08-28,9403
935,840,Т-Страхование,2024-07-26,2025-07-26,5008
936,538,Ингосстрах,2025-08-20,2026-08-20,6724
937,1190,Ингосстрах,2025-11-25,2026-11-25,19100
938,398,АльфаСтрахование,2025-07-23,2026-07-23,7187
939,978,Ингосстрах,2024-11-13,2025-11-13,6289
940,39,АльфаСтрахование,2024-07-17,2025-07-17,7453
941,103,Росгосстрах,2026-01-26,2027-01-26,23839
942,450,АльфаСтрахование,2025-11-06,2026-11-06,17148
943,412,АльфаСтрахование,2024-10-16,2025-10-16,9406
944,329,Ингосстрах,2025-02-27,2026-02-27,20193
945,192,Росгосстрах,2024-12-10,2025-12-10,24394
946,456,Т-Страхование,2024-12-19,2025-12-19,5189
947,96,Т-Страхование,2025-10-02,2026-10-02,5696
948,1084,АльфаСтрахование,2025-04-03,2026-04-03,20119
949,996,Росгосстрах,2025-04-23,2026-04-23,15497
950,820,Ингосстрах,2024-08-25,2025-08-25,18114
951,228,Т-Страхование,2025-07-16,2026-07-16,6798
952,971,Т-Страхование,2024-07-06,2025-07-06,9253
953,801,Ингосстрах,2024-07-24,2025-07-24,12156
954,1077,Ингосстрах,2025-06-18,2026-06-18,5338
955,31,Ингосстрах,2025-05-18,2026-05-18,12479
956,949,АльфаСтрахование,2024-11-29,2025-11-29,11549
957,556,Т-Страхование,2026-02-22,2027-02-22,7953
958,911,Т-Страхование,2024-12-20,2025-12-20,9804
959,457,Росгосстрах,2024-05-26,2025-05-26,11736
960,406,Т-Страхование,2025-11-14,2026-11-14,8757
961,26,Ингосстрах,2025-12-14,2026-12-14,14277
962,191,Т-Страхование,2024-07-22,2025-07-22,14819
963,282,АльфаСтрахование,2026-01-02,2027-01-02,8248
964,797,Ингосстрах,2024-11-07,2025-11-07,14044
965,590,Росгосстрах,2025-04-05,2026-04-05,11443
966,942,АльфаСтрахование,2025-12-19,2026-12-19,20201
967,963,Т-Страхование,2025-10-16,2026-10-16,22149
968,742,Т-Страхование,2024-04-24,2025-04-24,18769
969,65,Т-Страхование,2025-06-29,2026-06-29,11829
970,515,Ингосстрах,2024-09-07,2025-09-07,10900
971,93,Ингосстрах,2024-09-24,2025-09-24,19043
972,143,Т-Страхование,2024-06-30,2025-06-30,15741
973,697,Росгосстрах,2025-10-06,2026-10-06,21764
974,1128,Т-Страхование,2025-07-26,2026-07-26,5647
975,178,Т-Страхование,2025-12-24,2026-12-24,23501
976,387,АльфаСтрахование,2025-02-09,2026-02-09,14823
977,375,Росгосстрах,2024-07-17,2025-07-17,10527
978,588,АльфаСтрахование,2025-04-24,2026-04-24,19591
979,631,Ингосстрах,2025-09-09,2026-09-09,13759
980,160,Т-Страхование,2024-08-12,2025-08-12,10512
981,449,Ингосстрах,2025-01-22,2026-01-22,16316
982,878,Ингосстрах,2025-05-25,2026-05-25,11434
983,1027,Т-Страхование,2026-02-16,2027-02-16,23762
984,524,Т-Страхование,2025-06-21,2026-06-21,23686
985,23,АльфаСтрахование,2024-08-04,2025-08-04,16761
986,601,Ингосстрах,2025-10-05,2026-10-05,12385
987,776,АльфаСтрахование,2025-09-19,2026-09-19,18697
988,1146,Росгосстрах,2025-05-28,2026-05-28,14203
989,958,АльфаСтрахование,2024-11-09,2025-11-09,11483
990,1057,Т-Страхование,2025-10-09,2026-10-09,13723
991,130,Росгосстрах,2024-11-12,2025-11-12,5105
992,695,АльфаСтрахование,2026-04-03,2027-04-03,21412
993,691,Ингосстрах,2025-11-13,2026-11-13,20784
994,549,АльфаСтрахование,2024-09-02,2025-09-02,7994
995,801,Ингосстрах,2025-04-01,2026-04-01,12682
996,658,Росгосстрах,2024-07-23,2025-07-23,6065
997,1192,АльфаСтрахование,2025-09-01,2026-09-01,20628
998,1093,Росгосстрах,2026-01-09,2027-01-09,13580
999,876,Росгосстрах,2025-05-21,2026-05-21,14985
1000,1001,Т-Страхование,2026-02-09,2027-02-09,8075
1001,602,АльфаСтрахование,2024-05-15,2025-05-15,19929
1002,1035,Ингосстрах,2024-11-14,2025-11-14,14037
1003,435,Т-Страхование,2025-01-28,2026-01-28,6678
1004,812,Т-Страхование,2025-01-01,2026-01-01,7698
1005,1111,Т-Страхование,2025-08-11,2026-08-11,16514
1006,852,Ингосстрах,2026-04-19,2027-04-19,18569
1007,958,АльфаСтрахование,2024-07-03,2025-07-03,17704
1008,479,Т-Страхование,2024-09-06,2025-09-06,23135
1009,138,Ингосстрах,2026-04-12,2027-04-12,14729
1010,179,Ингосстрах,2025-06-18,2026-06-18,21958
1011,1170,Росгосстрах,2026-02-25,2027-02-25,6959
1012,306,Т-Страхование,2026-04-12,2027-04-12,20577
1013,342,Росгосстрах,2025-08-08,2026-08-08,5363
1014,1059,Ингосстрах,2025-07-06,2026-07-06,15961
1015,84,Т-Страхование,2025-02-06,2026-02-06,23418
1016,789,Росгосстрах,2024-07-22,2025-07-22,14504
1017,484,Ингосстрах,2024-08-26,2025-08-26,18497
1018,878,Росгосстрах,2024-07-16,2025-07-16,16057
1019,75,АльфаСтрахование,2025-08-29,2026-08-29,13125
1020,910,Ингосстрах,2026-01-25,2027-01-25,18920
1021,1043,АльфаСтрахование,2025-09-28,2026-09-28,11923
1022,56,Т-Страхование,2025-04-28,2026-04-28,20828
1023,902,АльфаСтрахование,2026-03-25,2027-03-25,5729
1024,829,Т-Страхование,2024-12-16,2025-12-16,8940
1025,1123,АльфаСтрахование,2025-11-27,2026-11-27,10997
1026,376,Т-Страхование,2026-04-02,2027-04-02,18445
1027,974,Ингосстрах,2025-08-31,2026-08-31,7663
1028,34,Т-Страхование,2026-04-01,2027-04-01,21648
1029,1039,Т-Страхование,2024-12-18,2025-12-18,15783
1030,447,Ингосстрах,2026-01-12,2027-01-12,24588
1031,96,Т-Страхование,2025-04-02,2026-04-02,20424
1032,421,Т-Страхование,2026-04-15,2027-04-15,11696
1033,624,АльфаСтрахование,2025-02-07,2026-02-07,21876
1034,1032,Т-Страхование,2025-03-18,2026-03-18,18100
1035,50,Ингосстрах,2025-11-26,2026-11-26,15572
1036,45,Ингосстрах,2025-11-07,2026-11-07,23710
1037,283,АльфаСтрахование,2025-11-21,2026-11-21,8864
1038,933,Росгосстрах,2024-10-17,2025-10-17,13597
1039,1149,Т-Страхование,2025-02-21,2026-02-21,7547
1040,1117,Т-Страхование,2025-01-13,2026-01-13,19509
1041,61,Т-Страхование,2024-07-28,2025-07-28,17804
1042,422,АльфаСтрахование,2026-02-13,2027-02-13,7005
1043,143,Т-Страхование,2025-05-19,2026-05-19,10336
1044,1184,Росгосстрах,2024-10-09,2025-10-09,20550
1045,393,АльфаСтрахование,2025-12-22,2026-12-22,21677
1046,165,АльфаСтрахование,2025-12-17,2026-12-17,21073
1047,246,АльфаСтрахование,2025-04-22,2026-04-22,18719
1048,662,АльфаСтрахование,2024-05-11,2025-05-11,12647
1049,950,Росгосстрах,2024-12-14,2025-12-14,19992
1050,13,Т-Страхование,2025-04-14,2026-04-14,15091
1051,538,АльфаСтрахование,2024-05-25,2025-05-25,18278
1052,598,АльфаСтрахование,2025-10-25,2026-10-25,5989
1053,423,АльфаСтрахование,2024-08-28,2025-08-28,7854
1054,487,Ингосстрах,2024-09-19,2025-09-19,14911
1055,40,Росгосстрах,2026-02-22,2027-02-22,14249
1056,735,Т-Страхование,2025-04-09,2026-04-09,19733
1057,55,Т-Страхование,2025-12-07,2026-12-07,24621
1058,368,Росгосстрах,2024-07-27,2025-07-27,16140
1059,1104,Т-Страхование,2025-09-14,2026-09-14,11221
1060,5,Ингосстрах,2025-10-09,2026-10-09,13469
1061,1087,АльфаСтрахование,2024-08-27,2025-08-27,13898
1062,476,Ингосстрах,2025-01-29,2026-01-29,13039
1063,112,АльфаСтрахование,2024-05-10,2025-05-10,7468
1064,955,Росгосстрах,2025-02-09,2026-02-09,18575
1065,966,Росгосстрах,2025-12-24,2026-12-24,17660
1066,772,Ингосстрах,2025-05-23,2026-05-23,12267
1067,234,Ингосстрах,2024-09-13,2025-09-13,22291
1068,1188,Росгосстрах,2024-07-18,2025-07-18,8373
1069,778,Ингосстрах,2025-11-13,2026-11-13,24035
1070,291,Росгосстрах,2024-08-07,2025-08-07,15766
1071,4,АльфаСтрахование,2024-04-28,2025-04-28,19705
1072,95,Росгосстрах,2026-04-13,2027-04-13,20596
1073,112,АльфаСтрахование,2026-04-14,2027-04-14,18509
1074,612,Росгосстрах,2024-10-10,2025-10-10,19623
1075,99,АльфаСтрахование,2026-02-17,2027-02-17,6018
1076,1051,Росгосстрах,2025-02-02,2026-02-02,21960
1077,135,Т-Страхование,2025-05-27,2026-05-27,10221
1078,824,АльфаСтрахование,2024-07-25,2025-07-25,22324
1079,340,Т-Страхование,2025-12-20,2026-12-20,23031
1080,357,Ингосстрах,2024-10-26,2025-10-26,14802
1081,1079,Ингосстрах,2025-12-12,2026-12-12,5989
1082,40,Т-Страхование,2026-04-13,2027-04-13,9826
1083,1058,Ингосстрах,2025-08-15,2026-08-15,23512
1084,377,Т-Страхование,2025-08-25,2026-08-25,14031
1085,182,Росгосстрах,2025-09-16,2026-09-16,18728
1086,1106,Росгосстрах,2025-04-03,2026-04-03,18860
1087,231,Т-Страхование,2025-08-16,2026-08-16,8610
1088,352,Т-Страхование,2025-09-18,2026-09-18,18308
1089,803,АльфаСтрахование,2025-01-05,2026-01-05,5509
1090,1142,Росгосстрах,2024-06-26,2025-06-26,22379
1091,274,Росгосстрах,2025-08-19,2026-08-19,12867
1092,246,Т-Страхование,2025-12-30,2026-12-30,6861
1093,359,Т-Страхование,2026-02-17,2027-02-17,11377
1094,542,Ингосстрах,2026-03-23,2027-03-23,13825
1095,448,Ингосстрах,2025-10-04,2026-10-04,24492
1096,782,АльфаСтрахование,2025-03-24,2026-03-24,13292
1097,685,Т-Страхование,2025-08-28,2026-08-28,5192
1098,167,АльфаСтрахование,2024-09-11,2025-09-11,5358
1099,605,АльфаСтрахование,2025-10-20,2026-10-20,14773
1100,333,Ингосстрах,2024-11-14,2025-11-14,12043
1101,836,Росгосстрах,2025-02-07,2026-02-07,24187
1102,185,АльфаСтрахование,2024-08-17,2025-08-17,12301
1103,940,Ингосстрах,2024-11-14,2025-11-14,13147
1104,19,АльфаСтрахование,2024-05-17,2025-05-17,23065
1105,546,Т-Страхование,2025-02-01,2026-02-01,18273
1106,121,АльфаСтрахование,2025-01-29,2026-01-29,24989
1107,772,Т-Страхование,2025-05-21,2026-05-21,5025
1108,271,Ингосстрах,2025-07-06,2026-07-06,12939
1109,769,Ингосстрах,2025-04-19,2026-04-19,9356
1110,632,Росгосстрах,2024-09-04,2025-09-04,16532
1111,727,АльфаСтрахование,2024-10-20,2025-10-20,18923
1112,524,Росгосстрах,2026-01-20,2027-01-20,22458
1113,901,Ингосстрах,2025-12-08,2026-12-08,14122
1114,34,АльфаСтрахование,2025-01-30,2026-01-30,18110
1115,558,АльфаСтрахование,2025-07-29,2026-07-29,8894
1116,722,Т-Страхование,2024-06-11,2025-06-11,21331
1117,510,Ингосстрах,2025-12-27,2026-12-27,14058
1118,820,Т-Страхование,2026-04-09,2027-04-09,9989
1119,405,АльфаСтрахование,2025-07-08,2026-07-08,12563
1120,877,Росгосстрах,2025-09-22,2026-09-22,17489
1121,826,Т-Страхование,2025-08-21,2026-08-21,24802
1122,1084,Т-Страхование,2025-05-26,2026-05-26,14296
1123,1199,Росгосстрах,2026-01-06,2027-01-06,9238
1124,764,Ингосстрах,2025-05-29,2026-05-29,23577
1125,993,АльфаСтрахование,2024-12-23,2025-12-23,9420
1126,104,Ингосстрах,2025-12-16,2026-12-16,11094
1127,1075,Т-Страхование,2026-04-16,2027-04-16,11046
1128,340,Т-Страхование,2025-01-26,2026-01-26,23470
1129,264,Росгосстрах,2024-08-22,2025-08-22,17577
1130,854,Т-Страхование,2026-02-11,2027-02-11,7381
1131,930,Т-Страхование,2024-09-01,2025-09-01,10797
1132,388,Ингосстрах,2025-08-02,2026-08-02,17352
1133,317,АльфаСтрахование,2024-08-22,2025-08-22,12056
1134,657,Т-Страхование,2025-08-10,2026-08-10,18101
1135,1139,Т-Страхование,2025-03-29,2026-03-29,21234
1136,924,АльфаСтрахование,2025-05-02,2026-05-02,17195
1137,889,Росгосстрах,2025-12-25,2026-12-25,14866
1138,249,АльфаСтрахование,2024-05-18,2025-05-18,13349
1139,1076,АльфаСтрахование,2024-09-11,2025-09-11,6600
1140,1072,Ингосстрах,2025-01-31,2026-01-31,24923
1141,506,Росгосстрах,2025-08-25,2026-08-25,15727
1142,410,АльфаСтрахование,2025-07-21,2026-07-21,24644
1143,174,АльфаСтрахование,2025-12-30,2026-12-30,9130
1144,825,Росгосстрах,2025-06-25,2026-06-25,5961
1145,10,Росгосстрах,2024-11-29,2025-11-29,14489
1146,610,Росгосстрах,2025-01-23,2026-01-23,20283
1147,817,АльфаСтрахование,2025-07-02,2026-07-02,7206
1148,625,АльфаСтрахование,2026-01-11,2027-01-11,6106
1149,583,Росгосстрах,2024-12-27,2025-12-27,12134
1150,616,Росгосстрах,2026-04-02,2027-04-02,5546
1151,419,Т-Страхование,2024-12-23,2025-12-23,15531
1152,312,Т-Страхование,2026-02-06,2027-02-06,9338
1153,68,Т-Страхование,2024-11-30,2025-11-30,15722
1154,786,Ингосстрах,2024-08-06,2025-08-06,10235
1155,278,Ингосстрах,2024-08-23,2025-08-23,5372
1156,675,АльфаСтрахование,2026-02-05,2027-02-05,6822
1157,1063,АльфаСтрахование,2024-05-22,2025-05-22,12652
1158,690,АльфаСтрахование,2024-12-28,2025-12-28,6015
1159,1168,Т-Страхование,2024-12-07,2025-12-07,18979
1160,877,Росгосстрах,2025-11-09,2026-11-09,13553
1161,1145,Т-Страхование,2025-05-17,2026-05-17,9099
1162,1165,Росгосстрах,2025-11-07,2026-11-07,17124
1163,824,АльфаСтрахование,2026-03-26,2027-03-26,5141
1164,175,Т-Страхование,2025-04-09,2026-04-09,16943
1165,504,Росгосстрах,2026-04-17,2027-04-17,19698
1166,837,Т-Страхование,2024-09-08,2025-09-08,8293
1167,1078,Т-Страхование,2026-02-04,2027-02-04,23739
1168,683,Т-Страхование,2025-12-23,2026-12-23,10011
1169,595,Росгосстрах,2026-02-26,2027-02-26,15145
1170,508,Ингосстрах,2026-01-01,2027-01-01,21080
1171,528,Росгосстрах,2025-07-15,2026-07-15,10353
1172,652,АльфаСтрахование,2024-07-17,2025-07-17,7377
1173,398,Т-Страхование,2024-09-14,2025-09-14,15346
1174,829,Росгосстрах,2025-08-02,2026-08-02,5417
1175,107,Т-Страхование,2025-05-19,2026-05-19,21062
1176,1016,АльфаСтрахование,2025-09-15,2026-09-15,10556
1177,151,Т-Страхование,2025-10-10,2026-10-10,16456
1178,128,АльфаСтрахование,2026-03-07,2027-03-07,18731
1179,177,АльфаСтрахование,2025-10-05,2026-10-05,6474
1180,301,Ингосстрах,2025-07-04,2026-07-04,24130
1181,146,АльфаСтрахование,2025-03-01,2026-03-01,21896
1182,992,АльфаСтрахование,2025-04-05,2026-04-05,11880
1183,942,Росгосстрах,2024-10-25,2025-10-25,11221
1184,611,АльфаСтрахование,2024-11-01,2025-11-01,14631
1185,636,Ингосстрах,2025-09-11,2026-09-11,19698
1186,587,Росгосстрах,2025-02-01,2026-02-01,13877
1187,1011,Т-Страхование,2025-09-30,2026-09-30,5841
1188,910,Т-Страхование,2026-02-24,2027-02-24,9216
1189,462,Ингосстрах,2025-10-08,2026-10-08,7152
1190,11,Т-Страхование,2024-10-23,2025-10-23,18550
1191,659,Росгосстрах,2025-04-12,2026-04-12,24932
1192,147,Т-Страхование,2024-05-15,2025-05-15,6117
1193,1142,Ингосстрах,2026-02-07,2027-02-07,7943
1194,990,АльфаСтрахование,2025-08-26,2026-08-26,10454
1195,1103,Ингосстрах,2025-03-21,2026-03-21,7570
1196,549,Ингосстрах,2025-11-23,2026-11-23,17567
1197,395,Ингосстрах,2024-10-07,2025-10-07,6213
1198,151,Ингосстрах,2024-08-14,2025-08-14,21675
1199,3,Ингосстрах,2024-09-30,2025-09-30,16348
1200,1116,Росгосстрах,2024-06-01,2025-06-01,8127
1201,658,Т-Страхование,2024-04-25,2025-04-25,13538
1202,556,Т-Страхование,2025-08-22,2026-08-22,16984
1203,510,Росгосстрах,2024-06-19,2025-06-19,18053
1204,97,Т-Страхование,2025-03-31,2026-03-31,20492
1205,6,Росгосстрах,2024-06-28,2025-06-28,14340
1206,24,АльфаСтрахование,2025-08-08,2026-08-08,5412
1207,638,Ингосстрах,2026-02-19,2027-02-19,15215
1208,241,Ингосстрах,2025-11-14,2026-11-14,5602
1209,510,АльфаСтрахование,2025-01-22,2026-01-22,10839
1210,167,Росгосстрах,2025-01-24,2026-01-24,11848
1211,784,Т-Страхование,2026-03-03,2027-03-03,10253
1212,82,АльфаСтрахование,2026-01-27,2027-01-27,21834
1213,762,Т-Страхование,2025-04-28,2026-04-28,14132
1214,44,Т-Страхование,2025-12-31,2026-12-31,22503
1215,1107,Росгосстрах,2025-03-23,2026-03-23,9966
1216,803,Ингосстрах,2024-09-16,2025-09-16,10159
1217,693,Росгосстрах,2024-08-03,2025-08-03,17521
1218,579,Т-Страхование,2025-07-29,2026-07-29,24671
1219,424,АльфаСтрахование,2026-03-10,2027-03-10,12757
1220,702,Т-Страхование,2025-02-07,2026-02-07,9330
1221,410,Росгосстрах,2025-09-09,2026-09-09,11221
1222,960,Ингосстрах,2026-01-27,2027-01-27,13639
1223,43,Росгосстрах,2024-07-24,2025-07-24,19155
1224,999,Росгосстрах,2025-02-22,2026-02-22,21567
1225,1144,Т-Страхование,2026-02-15,2027-02-15,6394
1226,345,Росгосстрах,2025-03-10,2026-03-10,8849
1227,190,Ингосстрах,2024-07-30,2025-07-30,12286
1228,162,Росгосстрах,2024-06-16,2025-06-16,11543
1229,298,Т-Страхование,2026-03-04,2027-03-04,17405
1230,206,Росгосстрах,2025-01-18,2026-01-18,15986
1231,1101,Ингосстрах,2025-10-11,2026-10-11,23138
1232,694,Росгосстрах,2025-03-17,2026-03-17,16236
1233,334,Т-Страхование,2025-08-29,2026-08-29,12896
1234,382,Росгосстрах,2026-02-10,2027-02-10,8651
1235,826,Росгосстрах,2026-02-02,2027-02-02,14675
1236,932,АльфаСтрахование,2025-04-25,2026-04-25,9808
1237,38,Ингосстрах,2024-11-18,2025-11-18,12401
1238,964,Росгосстрах,2026-01-01,2027-01-01,20599
1239,978,Ингосстрах,2025-06-30,2026-06-30,16906
1240,571,Ингосстрах,2025-11-18,2026-11-18,20736
1241,117,АльфаСтрахование,2025-02-09,2026-02-09,11445
1242,164,Т-Страхование,2024-09-29,2025-09-29,7081
1243,593,Т-Страхование,2025-05-13,2026-05-13,7406
1244,1173,Ингосстрах,2024-11-28,2025-11-28,12991
1245,1181,Ингосстрах,2026-01-17,2027-01-17,18802
1246,996,Т-Страхование,2025-05-09,2026-05-09,18375
1247,271,Т-Страхование,2024-06-01,2025-06-01,10891
1248,509,Ингосстрах,2024-10-23,2025-10-23,23881
1249,770,Росгосстрах,2025-09-04,2026-09-04,16904
1250,476,Росгосстрах,2024-05-05,2025-05-05,9517
1251,788,Росгосстрах,2024-10-05,2025-10-05,22518
1252,617,Росгосстрах,2025-03-10,2026-03-10,9251
1253,766,Т-Страхование,2025-02-22,2026-02-22,23203
1254,919,Росгосстрах,2024-10-29,2025-10-29,12080
1255,796,Т-Страхование,2026-02-18,2027-02-18,6586
1256,678,Росгосстрах,2025-05-29,2026-05-29,17889
1257,485,Росгосстрах,2025-03-21,2026-03-21,17983
1258,811,АльфаСтрахование,2025-09-23,2026-09-23,19220
1259,18,Ингосстрах,2025-10-23,2026-10-23,6442
1260,265,Росгосстрах,2024-06-03,2025-06-03,19055
1261,545,Росгосстрах,2024-07-31,2025-07-31,22859
1262,248,Росгосстрах,2025-02-16,2026-02-16,12089
1263,90,Росгосстрах,2025-08-22,2026-08-22,10403
1264,121,АльфаСтрахование,2025-05-25,2026-05-25,5944
1265,294,Ингосстрах,2025-04-11,2026-04-11,9432
1266,48,Ингосстрах,2026-01-25,2027-01-25,16107
1267,324,АльфаСтрахование,2024-07-22,2025-07-22,20075
1268,760,Т-Страхование,2025-10-03,2026-10-03,24577
1269,751,АльфаСтрахование,2025-04-12,2026-04-12,8673
1270,1177,АльфаСтрахование,2025-01-07,2026-01-07,17858
1271,86,Росгосстрах,2026-04-19,2027-04-19,22479
1272,882,Росгосстрах,2025-05-18,2026-05-18,9359
1273,950,Ингосстрах,2024-11-09,2025-11-09,21154
1274,605,Ингосстрах,2026-03-29,2027-03-29,13447
1275,560,АльфаСтрахование,2024-05-08,2025-05-08,6436
1276,654,Ингосстрах,2025-01-07,2026-01-07,23246
1277,577,Ингосстрах,2024-10-15,2025-10-15,15793
1278,462,Росгосстрах,2025-12-08,2026-12-08,9074
1279,1142,Росгосстрах,2024-06-13,2025-06-13,23384
1280,248,Т-Страхование,2025-06-09,2026-06-09,16398
1281,718,АльфаСтрахование,2025-08-22,2026-08-22,14286
1282,580,Ингосстрах,2025-06-25,2026-06-25,18046
1283,832,АльфаСтрахование,2025-03-04,2026-03-04,10500
1284,760,АльфаСтрахование,2025-01-05,2026-01-05,9041
1285,1011,Т-Страхование,2025-06-21,2026-06-21,6714
1286,645,Т-Страхование,2025-01-01,2026-01-01,17448
1287,25,АльфаСтрахование,2024-09-11,2025-09-11,18382
1288,211,Т-Страхование,2024-09-14,2025-09-14,9572
1289,635,Т-Страхование,2025-05-21,2026-05-21,5998
1290,917,Росгосстрах,2025-05-27,2026-05-27,14710
1291,920,АльфаСтрахование,2025-09-01,2026-09-01,18814
1292,832,Росгосстрах,2025-04-22,2026-04-22,9295
1293,403,Ингосстрах,2025-02-20,2026-02-20,7060
1294,750,Ингосстрах,2025-11-13,2026-11-13,5890
1295,146,Ингосстрах,2024-07-27,2025-07-27,11522
1296,9,Росгосстрах,2025-04-04,2026-04-04,19457
1297,472,Росгосстрах,2024-08-22,2025-08-22,18866
1298,1018,Росгосстрах,2025-04-16,2026-04-16,15355
1299,867,Росгосстрах,2024-11-20,2025-11-20,16365
1300,1079,Т-Страхование,2026-03-12,2027-03-12,23745
1301,127,Ингосстрах,2025-03-13,2026-03-13,9225
1302,368,Ингосстрах,2024-06-07,2025-06-07,14903
1303,154,АльфаСтрахование,2024-05-01,2025-05-01,13037
1304,669,Ингосстрах,2024-10-31,2025-10-31,19494
1305,1162,Ингосстрах,2026-03-05,2027-03-05,6855
1306,769,Ингосстрах,2024-12-07,2025-12-07,16972
1307,438,Росгосстрах,2024-07-01,2025-07-01,15481
1308,958,Росгосстрах,2024-04-23,2025-04-23,15463
1309,943,Росгосстрах,2025-12-06,2026-12-06,23765
1310,164,Т-Страхование,2025-02-07,2026-02-07,19245
1311,616,Т-Страхование,2026-02-24,2027-02-24,24029
1312,440,Т-Страхование,2025-07-02,2026-07-02,15816
1313,796,Росгосстрах,2026-01-01,2027-01-01,23144
1314,482,АльфаСтрахование,2025-06-29,2026-06-29,15560
1315,1014,Ингосстрах,2024-09-04,2025-09-04,23335
1316,943,Т-Страхование,2026-01-07,2027-01-07,22922
1317,15,Ингосстрах,2025-06-07,2026-06-07,20358
1318,101,АльфаСтрахование,2025-04-08,2026-04-08,12958
1319,980,Т-Страхование,2024-05-14,2025-05-14,7906
1320,1111,Ингосстрах,2026-02-04,2027-02-04,13007
1321,13,Росгосстрах,2024-10-22,2025-10-22,23470
1322,381,АльфаСтрахование,2025-02-06,2026-02-06,5836
1323,738,Т-Страхование,2024-06-30,2025-06-30,21019
1324,496,АльфаСтрахование,2025-04-28,2026-04-28,11214
1325,295,Т-Страхование,2024-06-29,2025-06-29,11969
1326,273,АльфаСтрахование,2025-07-24,2026-07-24,23531
1327,830,Ингосстрах,2025-07-23,2026-07-23,13489
1328,82,АльфаСтрахование,2024-11-18,2025-11-18,23372
1329,274,Ингосстрах,2025-09-26,2026-09-26,12866
1330,336,Т-Страхование,2025-11-25,2026-11-25,20079
1331,771,АльфаСтрахование,2025-10-12,2026-10-12,13463
1332,339,Т-Страхование,2025-07-06,2026-07-06,20512
1333,485,АльфаСтрахование,2025-04-03,2026-04-03,12334
1334,1096,Ингосстрах,2024-11-09,2025-11-09,9610
1335,96,АльфаСтрахование,2025-01-11,2026-01-11,12808
1336,374,Росгосстрах,2024-05-04,2025-05-04,23849
1337,193,Ингосстрах,2026-02-08,2027-02-08,5004
1338,134,Т-Страхование,2024-05-08,2025-05-08,11189
1339,467,АльфаСтрахование,2025-08-05,2026-08-05,21916
1340,572,Ингосстрах,2025-04-28,2026-04-28,9531
1341,436,Ингосстрах,2024-05-31,2025-05-31,21208
1342,145,АльфаСтрахование,2025-03-20,2026-03-20,24926
1343,19,Т-Страхование,2024-11-16,2025-11-16,15859
1344,658,Росгосстрах,2025-09-18,2026-09-18,15756
1345,551,Ингосстрах,2024-11-09,2025-11-09,9156
1346,797,Росгосстрах,2024-06-01,2025-06-01,19501
1347,663,Т-Страхование,2026-01-05,2027-01-05,23625
1348,143,АльфаСтрахование,2025-10-12,2026-10-12,23058
1349,453,Росгосстрах,2025-04-25,2026-04-25,5965
1350,8,Т-Страхование,2025-09-17,2026-09-17,14317
1351,504,АльфаСтрахование,2024-06-17,2025-06-17,10070
1352,378,Т-Страхование,2025-09-02,2026-09-02,9933
1353,263,Т-Страхование,2024-09-04,2025-09-04,19725
1354,958,Т-Страхование,2025-10-03,2026-10-03,12154
1355,418,Росгосстрах,2024-12-27,2025-12-27,18571
1356,1037,Росгосстрах,2024-10-17,2025-10-17,18055
1357,823,Ингосстрах,2026-01-04,2027-01-04,20667
1358,58,Т-Страхование,2024-12-02,2025-12-02,5113
1359,425,Ингосстрах,2025-03-13,2026-03-13,6715
1360,488,Т-Страхование,2024-07-14,2025-07-14,6132
1361,687,Ингосстрах,2024-07-07,2025-07-07,10553
1362,1032,Ингосстрах,2024-12-31,2025-12-31,9432
1363,590,Росгосстрах,2026-02-08,2027-02-08,6231
1364,969,Ингосстрах,2026-02-09,2027-02-09,6757
1365,271,Т-Страхование,2025-01-03,2026-01-03,13855
1366,38,Т-Страхование,2025-08-22,2026-08-22,20507
1367,752,АльфаСтрахование,2025-01-07,2026-01-07,19025
1368,929,Т-Страхование,2024-09-11,2025-09-11,9512
1369,761,Росгосстрах,2026-01-31,2027-01-31,19080
1370,328,Росгосстрах,2026-03-07,2027-03-07,6311
1371,502,Т-Страхование,2024-11-11,2025-11-11,11255
1372,1042,Ингосстрах,2025-08-24,2026-08-24,18223
1373,538,Т-Страхование,2024-05-16,2025-05-16,7325
1374,580,Т-Страхование,2025-12-28,2026-12-28,13757
1375,646,Т-Страхование,2024-08-07,2025-08-07,24208
1376,428,Росгосстрах,2025-03-30,2026-03-30,22128
1377,446,Т-Страхование,2025-07-02,2026-07-02,23819
1378,1110,Ингосстрах,2026-01-10,2027-01-10,24600
1379,159,Ингосстрах,2025-10-02,2026-10-02,24619
1380,1037,Т-Страхование,2025-11-08,2026-11-08,6126
1381,646,Ингосстрах,2024-09-13,2025-09-13,5465
1382,578,АльфаСтрахование,2024-06-03,2025-06-03,9683
1383,854,Т-Страхование,2024-07-20,2025-07-20,14718
1384,444,АльфаСтрахование,2025-01-29,2026-01-29,9318
1385,456,Ингосстрах,2025-06-26,2026-06-26,17484
1386,208,АльфаСтрахование,2024-06-11,2025-06-11,8304
1387,322,Росгосстрах,2024-07-20,2025-07-20,8418
1388,675,Ингосстрах,2024-10-17,2025-10-17,23428
1389,696,АльфаСтрахование,2026-04-11,2027-04-11,13240
1390,34,Росгосстрах,2024-05-16,2025-05-16,7399
1391,374,Т-Страхование,2026-03-18,2027-03-18,19317
1392,335,АльфаСтрахование,2025-05-27,2026-05-27,11327
1393,1088,Ингосстрах,2025-09-11,2026-09-11,21308
1394,615,АльфаСтрахование,2026-03-18,2027-03-18,10295
1395,699,Т-Страхование,2024-10-17,2025-10-17,20109
1396,1033,Т-Страхование,2025-07-28,2026-07-28,7104
1397,1052,АльфаСтрахование,2025-01-20,2026-01-20,9219
1398,420,Т-Страхование,2024-09-18,2025-09-18,22231
1399,1119,Т-Страхование,2024-07-18,2025-07-18,6894
1400,676,Ингосстрах,2024-06-19,2025-06-19,7208
1401,795,Росгосстрах,2025-12-10,2026-12-10,17596
1402,158,АльфаСтрахование,2025-03-25,2026-03-25,13369
1403,1179,Ингосстрах,2025-08-31,2026-08-31,18133
1404,627,Т-Страхование,2025-08-17,2026-08-17,23840
1405,1099,Ингосстрах,2024-12-30,2025-12-30,17825
1406,51,Ингосстрах,2025-08-29,2026-08-29,21885
1407,878,Т-Страхование,2025-10-08,2026-10-08,13825
1408,1162,Т-Страхование,2026-02-03,2027-02-03,11317
1409,1110,АльфаСтрахование,2026-01-11,2027-01-11,5121
1410,911,АльфаСтрахование,2024-07-27,2025-07-27,11597
1411,809,Росгосстрах,2025-01-21,2026-01-21,6661
1412,1113,Росгосстрах,2026-01-07,2027-01-07,23806
1413,289,Т-Страхование,2024-07-30,2025-07-30,7741
1414,787,Т-Страхование,2024-08-15,2025-08-15,9338
1415,16,Росгосстрах,2026-03-11,2027-03-11,18719
1416,661,Ингосстрах,2025-11-30,2026-11-30,15441
1417,921,Т-Страхование,2026-02-25,2027-02-25,14102
1418,677,Т-Страхование,2024-09-29,2025-09-29,22129
1419,817,Ингосстрах,2024-11-13,2025-11-13,15740
1420,735,Т-Страхование,2025-01-02,2026-01-02,16536
1421,205,АльфаСтрахование,2025-12-29,2026-12-29,13348
1422,964,Т-Страхование,2025-12-12,2026-12-12,13998
1423,12,Росгосстрах,2024-06-04,2025-06-04,6713
1424,792,Т-Страхование,2026-01-28,2027-01-28,16061
1425,1068,Т-Страхование,2026-01-15,2027-01-15,22398
1426,272,Ингосстрах,2025-06-24,2026-06-24,6883
1427,732,Росгосстрах,2025-07-05,2026-07-05,18589
1428,784,Ингосстрах,2025-03-17,2026-03-17,13367
1429,666,Росгосстрах,2024-05-15,2025-05-15,10043
1430,359,Ингосстрах,2025-10-08,2026-10-08,14913
1431,533,Росгосстрах,2026-01-02,2027-01-02,21786
1432,968,Ингосстрах,2026-04-17,2027-04-17,5161
1433,295,АльфаСтрахование,2025-05-01,2026-05-01,11605
1434,1084,Т-Страхование,2025-12-23,2026-12-23,22511
1435,873,Росгосстрах,2024-06-20,2025-06-20,21795
1436,478,Ингосстрах,2026-03-26,2027-03-26,20399
1437,86,Росгосстрах,2025-11-20,2026-11-20,19831
1438,41,АльфаСтрахование,2026-02-19,2027-02-19,18376
1439,398,Росгосстрах,2024-10-08,2025-10-08,14774
1440,549,АльфаСтрахование,2025-05-07,2026-05-07,11952
1441,1050,Т-Страхование,2026-02-18,2027-02-18,6991
1442,356,Росгосстрах,2025-12-09,2026-12-09,15904
1443,100,АльфаСтрахование,2025-02-14,2026-02-14,5996
1444,570,Росгосстрах,2025-02-14,2026-02-14,11966
1445,552,Росгосстрах,2026-01-10,2027-01-10,24132
1446,888,Росгосстрах,2025-04-21,2026-04-21,24903
1447,975,Т-Страхование,2024-05-02,2025-05-02,23869
1448,998,АльфаСтрахование,2025-09-15,2026-09-15,13937
1449,690,АльфаСтрахование,2026-03-03,2027-03-03,23194
1450,551,Росгосстрах,2025-07-02,2026-07-02,11872
1451,743,Т-Страхование,2026-03-03,2027-03-03,24968
1452,554,Росгосстрах,2024-06-09,2025-06-09,14791
1453,651,Росгосстрах,2025-02-15,2026-02-15,20205
1454,420,Ингосстрах,2025-12-06,2026-12-06,17374
1455,1008,Ингосстрах,2024-04-30,2025-04-30,21693
1456,30,Ингосстрах,2025-03-21,2026-03-21,21327
1457,457,Ингосстрах,2024-06-03,2025-06-03,5617
1458,690,Росгосстрах,2026-04-15,2027-04-15,9599
1459,886,Росгосстрах,2025-01-14,2026-01-14,10524
1460,514,Ингосстрах,2025-10-31,2026-10-31,9821
1461,91,АльфаСтрахование,2026-03-04,2027-03-04,7949
1462,725,АльфаСтрахование,2024-06-08,2025-06-08,15883
1463,1067,Ингосстрах,2025-10-27,2026-10-27,5575
1464,960,АльфаСтрахование,2025-03-15,2026-03-15,15229
1465,315,Росгосстрах,2024-12-04,2025-12-04,12450
1466,198,Т-Страхование,2024-05-14,2025-05-14,20067
1467,965,Ингосстрах,2025-01-23,2026-01-23,22451
1468,895,Т-Страхование,2024-07-06,2025-07-06,16880
1469,749,Росгосстрах,2024-06-30,2025-06-30,15117
1470,137,Т-Страхование,2025-06-16,2026-06-16,13759
1471,1071,АльфаСтрахование,2024-10-17,2025-10-17,11601
1472,8,АльфаСтрахование,2024-09-08,2025-09-08,24869
1473,656,Т-Страхование,2025-06-25,2026-06-25,21852
1474,567,Росгосстрах,2025-11-11,2026-11-11,23695
1475,861,АльфаСтрахование,2024-11-22,2025-11-22,13018
1476,451,АльфаСтрахование,2024-05-10,2025-05-10,19069
1477,64,Ингосстрах,2026-01-25,2027-01-25,22977
1478,772,Ингосстрах,2025-10-16,2026-10-16,10431
1479,941,Т-Страхование,2025-11-22,2026-11-22,20747
1480,600,АльфаСтрахование,2024-07-07,2025-07-07,8232
1481,909,АльфаСтрахование,2025-09-17,2026-09-17,5081
1482,787,Т-Страхование,2024-12-07,2025-12-07,10957
1483,438,Росгосстрах,2025-11-07,2026-11-07,17174
1484,189,Росгосстрах,2024-11-26,2025-11-26,20359
1485,1108,АльфаСтрахование,2024-05-24,2025-05-24,14663
1486,301,Т-Страхование,2025-04-10,2026-04-10,16855
1487,697,Ингосстрах,2025-08-17,2026-08-17,18576
1488,1124,Росгосстрах,2024-05-08,2025-05-08,18775
1489,313,АльфаСтрахование,2024-11-21,2025-11-21,9375
1490,943,АльфаСтрахование,2024-09-27,2025-09-27,12211
1491,971,Росгосстрах,2026-04-01,2027-04-01,19755
1492,1030,Росгосстрах,2025-05-28,2026-05-28,9964
1493,351,АльфаСтрахование,2025-07-05,2026-07-05,20450
1494,1174,Росгосстрах,2026-03-13,2027-03-13,6176
1495,878,Ингосстрах,2025-11-30,2026-11-30,13936
1496,1111,Т-Страхование,2026-01-17,2027-01-17,6822
1497,1131,Ингосстрах,2024-09-19,2025-09-19,20270
1498,915,Ингосстрах,2024-12-28,2025-12-28,13502
1499,145,Т-Страхование,2024-10-14,2025-10-14,18786
1500,1017,Ингосстрах,2024-07-10,2025-07-10,15285
