car_id,license_plate,brand,model,year,vin,color,owner_id
1,003CD1 25,Kia,Optima,2009,SLCAWFLM40G4C1497,Шоколадный,314
2,KM714 74,Hyundai,Tucson,2022,M3FNLPNV1T8XG0200,Черный,437
3,ОM594 799,Toyota,RAV4,2014,S8A7F60X0VS700650,Васильковый,360
4,СУ056 52,Hyundai,Solaris,2023,JTNF1GPP449TD5595,Сливовый,891
5,ОA7789 154,Kia,Optima,2013,DE9YTC4G0BFSR6008,Пурпурный,282
6,006CD9 04,Lada,Vesta,2021,BB04VPM283UW26179,Пурпурный,653
7,Н200KТ 85,Hyundai,Creta,2016,GK3WUXA85CFE56218,Красный,821
8,9692BA 159,Toyota,Camry,2004,E2X6ABT30ZEWV0822,Красный,870
9,EР5498 57,Volkswagen,Golf,2001,YVA04SC02AT4J2801,Темный хаки,130
10,Х5895 25,Lada,Vesta,2024,HYT1T2UG4BPWD7245,Ярко-розовый,661
11,4778СM 03,Kia,Sportage,2012,V1HTLXWW1ZZW00612,Светло-голубой,973
12,EО9282 69,Volkswagen,Polo,2019,5RG8V21M6U3MR3718,Пурпурный,158
13,008D803 716,Hyundai,Creta,2011,SRKXP50W1BG9P9831,Темно-зеленый,455
14,УУ1601 18,Lada,Niva,2004,G2V18X1ZXA3XW6715,Оранжево-красный,543
15,Х740MK 40,Kia,Sportage,2010,UPVRV0JT963141051,Бледно-Бирюзовый,666
16,A7850 33,Kia,Rio,2003,1P40NJXA661BX3920,Фуксия,27
17,4753ТО 57,Toyota,Corolla,2016,VKGAN0RG4SJ8N2041,Серебряный,397
18,007CD4 10,Volkswagen,Polo,2008,P6CFWEVU6R8R16997,Желтый,794
19,5717MТ 11,Kia,Optima,2014,PKSZ6HH35ZSAJ8035,Красный,220
20,У744НA 80,Volkswagen,Jetta,2022,DBGPFL0V764P59111,Светло-голубой,939
21,ОУ8985 91,Hyundai,Solaris,2003,A5FNT8ZD113000734,Бледно-зеленый,139
22,M5972 102,Lada,Granta,2005,MMJAX705XHVKR4749,Античный Белый,921
23,EТ7178 45,Hyundai,Solaris,2025,XB6GU6WB3HN0B7580,Желто-зеленый,699
24,О9887 799,Kia,Optima,2011,MJHMZGVJ789DT1340,Античный Белый,727
25,009D627 81,Lada,Niva,2017,5DGRF2802XFUN4844,Зеленый,298
26,B686EХ 88,Kia,Rio,2022,F4W2TMG26399V5316,Оранжевый,727
27,KK3727 16,Toyota,Corolla,2016,TAJKWNTC9D1YB1121,Светло-серый,230
28,С6615 152,Lada,Vesta,2025,NZMZSRENX2ABM6541,Шоколадный,143
29,E690НТ 50,Toyota,Corolla,2000,RKBZAJV336EAW5203,Синий,370
30,003CD2 04,Volkswagen,Jetta,2014,DURUJ9VXXMBX08626,Светло-синий,823
31,Х0320 82,Volkswagen,Tiguan,2019,XVEHV61T7HNPX2833,Темно-зеленый,906
32,ОE2770 113,Lada,Vesta,2009,GMDMNXD41ANV22732,Темно-бирюзовый,408
33,004CD0 27,Hyundai,Tucson,2013,MMMJTEVW4TX5P0411,Бирюзовый,788
34,4673СО 60,Hyundai,Tucson,2002,R1KHZGUY15AJM3322,Тусклый серый,129
35,7006EK 48,Kia,Optima,2002,LHATH3YT3D4690895,Сливовый,461
36,K980ХB 142,Hyundai,Tucson,2016,ZY6R0EFN2L5326890,Коричневый,353
37,KK4356 197,Toyota,RAV4,2020,29VYAZW52UPWJ5659,Тусклый серый,602
38,Н9955 06,Toyota,Camry,2013,MLFR96V865ENA4854,Розовый,515
39,EХ2078 82,Lada,Vesta,2016,A5SL75B66JL044574,Фиолетовый,157
40,AУ769 48,Kia,Rio,2005,WC2Z0K4C3AJJ15321,Красный,331
41,009CD3 80,Toyota,Corolla,2016,EJ2G6B63XL42J5257,Белый,917
42,Т1232 58,Kia,Rio,2008,KT1668DKXX5CD3485,Светло-желтый,202
43,006T276 94,Volkswagen,Jetta,2004,T6BYFJ9856DZ61202,Темно-серый,641
44,B948AE 186,Kia,Optima,2017,45RTKPAC33Z051919,Бледно-зеленый,96
45,KН831 77,Volkswagen,Tiguan,2018,0EUSY4K5668ZX7103,Темно-красный,965
46,Н133EA 44,Volkswagen,Tiguan,2005,HGPU2Y5G54YWN8765,Цвет морской волны,675
47,005CD7 126,Volkswagen,Jetta,2026,E5RD8S2C44LV27811,Темно-синий,947
48,3066РA 03,Volkswagen,Polo,2026,NHSSSF9F2Y7L13700,Бирюзовый,885
49,Т140СО 136,Lada,Vesta,2001,FBDKD2SM0CAFW8744,Темно-розовый,972
50,9722СН 92,Volkswagen,Jetta,2020,0PMHNL8D42DKA9196,Серебряный,216
51,ОР873 68,Volkswagen,Golf,2019,C0F23GFT5KTTH4758,Светло-синий,655
52,Х4163 79,Lada,Granta,2020,693SE7WM3XS385297,Темный хаки,559
53,СM8114 45,Kia,Optima,2009,6PVB8KDR5R87K1168,Золотой,495
54,K118ТE 69,Toyota,RAV4,2012,2MMMHRNG6RZGE2683,Хаки,305
55,B0344 55,Hyundai,Solaris,2022,HMNTU21E9T90Y0119,Серебряный,62
56,KС974 84,Toyota,Corolla,2013,7VDREP4L6G26T7093,Бледно-Бирюзовый,496
57,AС1364 04,Hyundai,Solaris,2010,FHGHCXW31MM8K0627,Фиолетовый,622
58,ТН496 174,Toyota,Corolla,2022,MJ96XNU93118T7528,Красный,327
59,007CD3 50,Kia,Sportage,2004,KWJLBEL84AUHZ6383,Светло-желтый,779
60,Х0017 03,Kia,Optima,2017,W79JMVS58KJ6J3049,Малиновый,109
61,003T552 92,Kia,Rio,2014,CDXAXNSY849TL9813,Золотой,126
62,УР1158 88,Kia,Sportage,2007,5W3H51Y80KSGG1611,Золотой,145
63,001T198 142,Lada,Vesta,2009,4WPKBKYD9FYXJ8852,Светло-серый,969
64,007T700 799,Hyundai,Tucson,2013,80MFBM7A2AASX1808,Светло-зеленый,255
65,9666ХA 26,Toyota,Corolla,2018,UPDDPW5T5711C4682,Бледно-Бирюзовый,739
66,000D907 11,Kia,Rio,2024,FY4ZTUEA7ZFHZ0709,Темно-оранжевый,164
67,6748РО 33,Hyundai,Tucson,2014,TN4XJHMS3XSPH5726,Синий,511
68,8179MР 98,Kia,Sportage,2000,N13CKM905SE4D0262,Шоколадный,93
69,004D525 77,Hyundai,Tucson,2014,EF13WG3R0ZM003516,Темно-оранжевый,990
70,О5125 37,Toyota,Camry,2018,X24NDSTD5EDG93276,Коралловый,362
71,6283РE 91,Lada,Vesta,2009,YBBMD73E4K0DG3700,Лазурный,507
72,ХР433 82,Volkswagen,Golf,2009,C8ZDHPS6X1HWE2578,Ярко-розовый,550
73,Т176ТУ 96,Lada,Vesta,2013,2RJPNKK06EWAU1578,Темно-красный,138
74,Н273УТ 174,Kia,Optima,2011,PDG9D3EW8DD6P9978,Аквамарин,783
75,EB965 163,Hyundai,Creta,2001,629M1SUU8WEKY8606,Зеленый,411
76,B9986 44,Lada,Niva,2017,0N61EMBK207LN2762,Светло-зеленый,200
77,K4396 41,Kia,Optima,2009,GMJ1CNLJ4C5X46565,Розовато-лавандовый,76
78,K0210 26,Hyundai,Tucson,2014,WDRREANR8DJZV7322,Темно-оранжевый,783
79,9166AB 24,Volkswagen,Jetta,2026,31KUS2VD1VCXZ2644,Тусклый серый,639
80,4176AТ 05,Volkswagen,Polo,2004,CY7TJP714HTUK4573,Темный хаки,999
81,K8780 58,Lada,Granta,2011,9Z2MRUN68KVV68378,Светло-розовый,814
82,7434НA 70,Kia,Optima,2011,ZLDZ3SALXZRHS0230,Фиолетовый,774
83,4343НM 87,Toyota,Camry,2019,SMB8B7NRX513D0387,Темно-розовый,522
84,ОТ6604 14,Hyundai,Tucson,2001,DXSGVHWU26BB89116,Фиолетовый,47
85,AK5586 82,Lada,Vesta,2022,533K8LEDXTS173528,Белый,342
86,СН002 159,Hyundai,Tucson,2014,XC1725BJ16P4R5718,Красный,153
87,009CD4 93,Volkswagen,Tiguan,2010,CSP3NM875V6ZU9396,Бирюзовый,954
88,001D708 102,Volkswagen,Jetta,2005,K0DAP2Y74ED959612,Цвет морской волны,403
89,MТ220 48,Volkswagen,Jetta,2018,34DX5XYP30VG18856,Золотой,345
90,B2620 41,Volkswagen,Golf,2022,4RP5ULY66U4562118,Коричневый,577
91,002T399 91,Kia,Sportage,2026,C4BLNZY948JMU0623,Светло-серый,18
92,008T910 196,Kia,Sportage,2021,7S4JN2NA8DU181120,Серый,113
93,BХ4460 92,Hyundai,Tucson,2009,5Y7G3FHU7N2S19544,Светло-розовый,816
94,005T806 88,Lada,Niva,2015,WGMSUEN34H6K07429,Бледно-зеленый,272
95,4957УР 75,Volkswagen,Tiguan,2023,BLCJWSR627SJY9530,Шоколадный,53
96,1746СН 03,Volkswagen,Golf,2005,9R9VR68R8U1CK6286,Светло-желтый,537
97,4689УУ 72,Volkswagen,Golf,2004,X38SPRAYX5PY97402,Темно-голубой,842
98,Х524EK 60,Toyota,Camry,2018,0MR31LKR5P4M01721,Античный Белый,971
99,003D531 35,Lada,Vesta,2000,8ZHPT2ME998164232,Коралловый,452
100,4314ХУ 716,Kia,Sportage,2004,H2YZEGCWXK3077982,Коричневый,423
101,С3137 85,Toyota,Corolla,2016,6Z713R0K0UDMP2657,Розовато-лавандовый,794
102,Р5263 152,Volkswagen,Golf,2023,Z0CY0LKJ2L85W2253,Светло-синий,745
103,002T805 11,Lada,Niva,2004,FGMPEBZX0SXUR2047,Золотой,532
104,008CD2 92,Toyota,RAV4,2010,YKLZV6945DRPC7531,Сине-фиолетовый,679
105,ХE2107 52,Hyundai,Tucson,2012,6GGE181R30RKN1445,Сливовый,322
106,M3319 98,Toyota,Corolla,2017,78PEEFHV5W2622969,Цвет морской волны,351
107,Х434MТ 81,Volkswagen,Jetta,2021,PNT5Z6XZ7P0YG6021,Темно-голубой,791
108,О8274 11,Kia,Optima,2015,DD8AABEL81JVD4807,Бледно-Бирюзовый,197
109,M687MР 799,Toyota,Corolla,2017,YG1W2ESR51VR96560,Васильковый,306
110,1282BТ 38,Toyota,Corolla,2024,ZTAXGV9U6C1KP4393,Оранжево-красный,296
111,9206ОУ 68,Toyota,RAV4,2022,3HNE7BCG1H68K4358,Фиолетовый,501
112,Н2421 07,Kia,Sportage,2011,RFW6X2KE36TMN6481,Фуксия,574
113,005T942 116,Kia,Sportage,2003,FYC7DTCS8YSWU5972,Светло-синий,588
114,Р5935 74,Volkswagen,Golf,2012,5DK6YG5N0KBUY3808,Шоколадный,839
115,KТ761 763,Kia,Rio,2009,23756E7M2JBCT4804,Темный хаки,44
116,Т1499 03,Kia,Optima,2002,61S7RGW28MXE24991,Золотой,355
117,Т7367 34,Hyundai,Tucson,2008,3S83BCWB04PZR6432,Светло-зеленый,766
118,2459РB 763,Hyundai,Solaris,2006,PVCAYW1887WYD1549,Оранжевый,848
119,ХО968 60,Volkswagen,Jetta,2017,TZT53MXC4JDCT5867,Темно-оранжевый,713
120,РA6327 68,Kia,Rio,2003,YUNSGMVR4GV6N6949,Тусклый серый,631
121,003T474 56,Volkswagen,Tiguan,2007,39G2PFVY3HSLE2908,Оранжево-красный,52
122,5037НM 08,Volkswagen,Tiguan,2020,X1PEDCPS38FTR9329,Темно-бирюзовый,239
123,000T407 91,Lada,Vesta,2013,WD4H6N1R3L7303240,Зеленый,339
124,СK9633 51,Hyundai,Solaris,2021,SWHUHSU30CXG83327,Темно-розовый,790
125,0941AB 05,Toyota,Camry,2017,BYU3X8L89WXXC6484,Светло-синий,952
126,KA144 39,Toyota,Corolla,2020,LVPHXDM20BW2S5260,Светло-синий,958
127,Н7071 92,Hyundai,Creta,2020,8ABFS7D80GPK72377,Розовый,205
128,003CD7 72,Kia,Sportage,2009,ZV1MZ1Y572UH30651,Хаки,662
129,Р847СХ 49,Lada,Vesta,2020,ZC1EGNWD0JG9X6540,Малиновый,588
130,9031РС 82,Toyota,RAV4,2023,FRGF6UYL8H3LD9844,Аквамарин,741
131,EУ756 02,Lada,Vesta,2013,M0U48PAD2SRCE0299,Аквамарин,904
132,3565MA 43,Toyota,Camry,2026,2V8NH4BW90ND63201,Светло-серый,407
133,AA2318 25,Hyundai,Solaris,2023,3R94K83F7JVDN0548,Ярко-розовый,986
134,Т3982 50,Kia,Rio,2000,MLF7P6AY0UH9N2382,Сине-фиолетовый,306
135,2557УО 87,Volkswagen,Polo,2010,6MM3F4Z80KGZW9695,Золотой,292
136,У048СM 93,Hyundai,Tucson,2017,L2Z9GJTJ7VTPN0350,Бирюзовый,537
137,ТХ5588 716,Hyundai,Solaris,2016,4Z90VVMKXHPBP7777,Темно-красный,480
138,002CD3 84,Kia,Rio,2025,V0JFXX323PJKT7045,Индиго,116
139,ХB6239 60,Kia,Rio,2023,TY80MPEM7VG2R0276,Темно-бирюзовый,470
140,E727ОН 136,Kia,Optima,2005,5JP8CH7Y7PMFJ0054,Тусклый серый,15
141,ТН6216 38,Kia,Sportage,2018,DPXTTZ4N82ZT40491,Темно-красный,691
142,BР557 57,Toyota,Camry,2019,A6WEESR373ZN29316,Синий,877
143,Н839BB 22,Hyundai,Creta,2016,PDB3ASJ49DUFY0933,Светло-розовый,336
144,E388УР 85,Lada,Granta,2021,A5DKJV7T8H91E7663,Темно-бирюзовый,98
145,2426ОM 178,Toyota,Camry,2015,H0TKH2GW1UTFV8327,Светло-желтый,332
146,008D187 77,Toyota,Camry,2008,KHAKRV6K7MF6L4693,Темно-розовый,393
147,О2394 102,Toyota,Corolla,2024,0R1RHRRT3B90F8118,Бледно-зеленый,274
148,002T468 79,Kia,Sportage,2018,9B4EWDEY35DZT8406,Хаки,741
149,ХС7830 48,Volkswagen,Polo,2008,MLRLVSPW44NM58680,Красный,670
150,ОУ644 48,Kia,Optima,2007,DTEAW3PT6CGGB1465,Лазурный,64
151,M186РM 177,Lada,Granta,2009,7P94FL66XMTP79850,Темно-зеленый,164
152,НС081 48,Hyundai,Tucson,2016,CBBZXUTD2H9DD2790,Светло-серый,946
153,A089BХ 79,Kia,Optima,2003,33P096HN7P2M97496,Слоновая кость,655
154,Х599ОB 23,Kia,Sportage,2019,JDLZC3K10E3U57751,Античный Белый,227
155,2168ТР 750,Toyota,Camry,2015,MCW8JVF0X9VJF0431,Фиолетовый,157
156,E665ОA 32,Hyundai,Tucson,2019,ECS6TNMZ0WLMM0624,Коралловый,383
157,Р0367 113,Hyundai,Tucson,2017,0WL811NU11LW58706,Серебряный,935
158,E816РХ 37,Hyundai,Tucson,2025,BFPCEE2P8L6TM4849,Слоновая кость,681
159,Р321ХС 41,Toyota,Camry,2021,30HBSGTM603K55190,Серебряный,773
160,005CD4 94,Volkswagen,Polo,2016,Z3L74ECJ5TCF16533,Темно-фиолетовый,458
161,Х4370 01,Volkswagen,Jetta,2002,J8SGEVV32HV482170,Белый,940
162,НХ833 799,Volkswagen,Polo,2001,6VPR7WRV87YFF5059,Аквамарин,849
163,000CD5 163,Volkswagen,Tiguan,2018,6RCF5YDR2GK3R4708,Тусклый серый,550
164,004T525 37,Toyota,Camry,2010,PW2YRP1G6LU0B6207,Ярко-розовый,875
165,Т602УУ 96,Volkswagen,Golf,2003,58UZ282EXH15W6091,Бежевый,697
166,K762СA 61,Toyota,RAV4,2018,WWYY46HW477MU2682,Оранжево-красный,501
167,009T646 07,Lada,Niva,2014,YVCLPR8A8DPSF2051,Пурпурный,829
168,4892НA 12,Lada,Granta,2004,YN7UWHTX198YY3581,Темный хаки,526
169,4779KН 81,Hyundai,Creta,2018,KDFPRX8B0C4RG5201,Желто-зеленый,60
170,001T267 23,Volkswagen,Golf,2021,6TCDPF3D6D3LS1387,Светло-синий,827
171,СХ533 59,Kia,Optima,2000,MBUA49HYX8BAS4781,Светло-розовый,406
172,003T451 99,Kia,Rio,2023,EA99E6VW0FHVP8650,Желтый,224
173,000T557 80,Volkswagen,Polo,2001,X6WKD59K0NFZ53453,Черный,434
174,007D509 125,Kia,Optima,2002,WA4HZ3CR4TBGC9575,Темно-синий,555
175,6867AС 89,Lada,Vesta,2015,LL2SHEHH4K0YX1010,Темный хаки,33
176,5492BA 22,Kia,Sportage,2005,5ZT8D0FP0KZ577538,Синий,788
177,ХР3475 68,Toyota,RAV4,2023,46TJARBK3A1B85546,Желтый,662
178,НХ692 125,Hyundai,Creta,2012,FJ1Y6VFJ84MGX3466,Бледно-Бирюзовый,460
179,Х603ТС 716,Hyundai,Creta,2002,4VN7SCM981AAJ1412,Оранжевый,700
180,Р616СA 159,Volkswagen,Tiguan,2020,UG6MH8CD519M53665,Темно-розовый,881
181,Х8179 21,Kia,Rio,2005,PXA4MBKB57JAH2191,Розовато-лавандовый,551
182,M401KС 163,Hyundai,Tucson,2004,SC8JATL017VK30120,Коралловый,746
183,Т469СС 86,Toyota,Camry,2024,SSPK50WB8WL7T9136,Темно-бирюзовый,24
184,ХУ5321 06,Kia,Sportage,2021,77C4L9D74FJBG5682,Сливовый,737
185,Х246EО 98,Volkswagen,Golf,2017,6FA19LFG3V3VX2386,Золотой,389
186,M939СР 174,Toyota,Camry,2014,SXK4YY957J42F0752,Желтый,355
187,ХA109 80,Toyota,Corolla,2006,0JW9NHBU1DBYU5416,Цвет морской волны,960
188,003T985 134,Lada,Vesta,2025,E7AZCRCAX2X3H7868,Малиновый,677
189,005CD7 82,Hyundai,Tucson,2024,6PF56UB68W4N13534,Белый,959
190,У7750 152,Lada,Vesta,2006,JSCNWRZT11LN56213,Каштановый,69
191,СM4225 81,Lada,Niva,2001,M7CC3L5N3DN874196,Аквамарин,458
192,7451УK 174,Volkswagen,Polo,2007,ESN1M2G520FG97372,Зеленый,759
193,008D703 32,Lada,Granta,2014,D896V5ENX85AV4752,Красный,240
194,ТО7311 54,Volkswagen,Tiguan,2024,DF72ZSAF9G22F0659,Белый,885
195,8036MС 164,Lada,Vesta,2016,63395Z0K96V391408,Светло-синий,297
196,ОB8787 36,Toyota,RAV4,2018,B5JX1D929GDDK4347,Темно-бирюзовый,327
197,BA510 05,Volkswagen,Jetta,2007,JS151J8C3MWK91355,Бежевый,310
198,002D239 63,Toyota,RAV4,2016,UW96YR5Y7XVP58776,Темно-голубой,227
199,7123ТС 18,Hyundai,Creta,2008,EWA3HZXEXGLMZ0451,Зеленый,63
200,7341СС 07,Volkswagen,Tiguan,2020,YSK3F7NY8C7LF5859,Бледно-зеленый,696
201,Х0544 35,Hyundai,Tucson,2015,FBV6LG2T5W1943856,Красный,49
202,У5378 150,Kia,Optima,2021,B4NNNMEL7TWWZ4407,Светло-синий,391
203,2100РE 102,Volkswagen,Jetta,2022,H2KY58BJ2Y1H76175,Аквамарин,427
204,008D667 17,Hyundai,Solaris,2009,TGH0U9JK6TX687049,Фиолетовый,386
205,B703KE 58,Toyota,RAV4,2015,W4JJE2WF5XG4D2466,Оранжевый,247
206,M817РТ 82,Toyota,Corolla,2022,0GSAJW2J746ZU8113,Серебряный,148
207,KE1456 164,Hyundai,Solaris,2017,7Z8AWP6X8FWHC0034,Пурпурный,423
208,НО405 85,Hyundai,Tucson,2016,R9L60D85882925411,Золотой,138
209,Р369KA 08,Hyundai,Solaris,2008,P9B5KGAU2G9LU7353,Коричневый,209
210,О599ХТ 154,Kia,Optima,2002,H0T6HMLD8S9P47582,Светло-голубой,945
211,M023EK 61,Hyundai,Creta,2002,PENZ4DMA82YL38805,Хаки,549
212,008T197 38,Toyota,Camry,2008,PGJ9NBHXXJHRG7774,Бирюзовый,387
213,0464AA 80,Volkswagen,Polo,2002,1RZ9RKU9XYWEN7553,Оранжево-красный,193
214,УО9121 05,Volkswagen,Tiguan,2015,G2WAPGNC0U4E09601,Желтый,214
215,004T707 125,Kia,Sportage,2000,S9P7XJC87P4EK6032,Темно-зеленый,217
216,009T884 49,Toyota,RAV4,2003,0WN0FU6YXGMKN9496,Сливовый,765
217,7812РХ 36,Hyundai,Solaris,2022,7YJ0V7E97DDS92402,Слоновая кость,619
218,B6404 10,Toyota,Corolla,2007,HRMP76AR02N193811,Сливовый,566
219,СХ074 159,Kia,Sportage,2012,NA9VTYXH1LGDE2393,Белый,478
220,003D278 39,Volkswagen,Jetta,2009,TB6N83196A5GC6077,Оранжевый,268
221,008D696 60,Kia,Optima,2015,DY5PNXF80C5WE0520,Аквамарин,478
222,005T079 85,Lada,Niva,2015,EWVE79XC3M4AW4148,Бледно-зеленый,780
223,ТУ8268 04,Kia,Rio,2011,14X0B2X6XHNBF2189,Светло-желтый,321
224,005T960 88,Hyundai,Solaris,2018,FD5LWN8W4CAC15790,Белый,885
225,6094BР 159,Toyota,RAV4,2004,1AH8E24V5NYLM8867,Бледно-Бирюзовый,17
226,0959BM 81,Kia,Optima,2018,3JVBFSTJ0ZUM76272,Светло-голубой,594
227,M043УС 50,Hyundai,Creta,2004,L3GS07YR9CJ7U4349,Бирюзовый,201
228,007D407 173,Kia,Rio,2012,ZPLVH5649UJ6Z6672,Ярко-розовый,584
229,9789НK 177,Toyota,Corolla,2017,X45AHD8U10GFV4598,Светло-голубой,671
230,M040РУ 37,Kia,Sportage,2024,RN5ZVPSB5EAXD6920,Темно-розовый,842
231,B5672 116,Hyundai,Tucson,2020,0F12MWZN90KBM9153,Серебряный,758
232,О0980 81,Hyundai,Creta,2005,YDT3D2CH7C9ZL1365,Желто-зеленый,751
233,004T997 76,Kia,Rio,2004,2Y3U32YH8FV346143,Бирюзовый,738
234,ХТ7443 196,Volkswagen,Golf,2005,V6RFZWUB1K1LG1577,Фуксия,939
235,6182MС 81,Volkswagen,Polo,2016,K5HAYZPEXZZXB1419,Зеленый,35
236,ХM122 38,Lada,Niva,2001,EA8L21W85HZGN3204,Зеленый,783
237,Р5417 66,Lada,Granta,2004,R1JLTE676SYVS6457,Фуксия,863
238,Х6647 67,Toyota,Camry,2022,3N91ZM9U35YP44552,Темно-красный,155
239,8298СР 125,Lada,Vesta,2016,WPKH0A1U1TAWE1850,Оранжево-красный,467
240,4006РE 54,Kia,Rio,2019,TUC3FA6G8CFF23031,Синий,654
241,B065MС 88,Volkswagen,Golf,2021,LMYLP9JN9M5HC2961,Зеленый,500
242,4578KН 116,Lada,Vesta,2017,VCZW6FMNXFDNU6696,Бледно-зеленый,565
243,BР5601 23,Hyundai,Solaris,2000,U9GUKXTA4J9UP9368,Желтый,543
244,Р367ТХ 12,Kia,Optima,2009,619Y54L98A7980387,Серебряный,18
245,УB4562 54,Volkswagen,Golf,2025,HTB037SMXDN306633,Темно-красный,963
246,ХE253 89,Toyota,Camry,2003,6H1F4YLL8HA409841,Темно-красный,537
247,3507MН 03,Toyota,Camry,2006,DFBZ4W292C6214404,Индиго,635
248,B3532 79,Volkswagen,Jetta,2026,XEYUNMGV5VNXE6172,Темно-розовый,363
249,MС4712 196,Kia,Sportage,2002,TU7MFD9H55N472702,Темно-голубой,383
250,KУ9062 799,Hyundai,Creta,2018,MZBJVXCD43EV89129,Розовый,250
251,2759KТ 163,Toyota,Corolla,2021,LW6JB66TXL6312206,Сливовый,848
252,MK4364 51,Lada,Niva,2020,GDAT6G0A5AVSZ0072,Темно-зеленый,778
253,EР8785 178,Lada,Vesta,2012,74DCPD317UD9M0900,Розовато-лавандовый,389
254,007D754 70,Hyundai,Tucson,2015,PT8XAKW21DEBJ3446,Белый,58
255,Н8415 52,Lada,Niva,2005,TCM8WLYD57YSR5185,Тусклый серый,85
256,005T965 72,Hyundai,Creta,2020,13EEVL0B6G9619648,Светло-зеленый,804
257,EE145 62,Kia,Optima,2003,XPCW9EYS3J0UK6041,Темно-голубой,917
258,E081KР 27,Volkswagen,Polo,2007,B082CP0KXP36K3922,Светло-зеленый,217
259,E0769 59,Volkswagen,Golf,2008,C4WDJYSW3Z0KK9007,Серый,48
260,О9483 75,Lada,Niva,2008,1KDTZAN2XBMUA8559,Светло-зеленый,921
261,E6923 125,Volkswagen,Polo,2005,LVAYFKTA8BCFG7047,Оранжевый,952
262,ОО1051 152,Kia,Rio,2006,R64RZSAZ7XAHG8688,Светло-желтый,602
263,AK1869 57,Toyota,RAV4,2026,T6EKH4EF028SC1838,Темно-оранжевый,408
264,О2377 44,Lada,Granta,2005,16AA25RD7210F1852,Светло-розовый,578
265,Н313KО 39,Toyota,RAV4,2026,5J1B6AY34UXB32318,Желтый,870
266,E903BУ 177,Hyundai,Tucson,2017,YLS111769BJKF7653,Темный хаки,340
267,СР515 190,Hyundai,Tucson,2004,YKU88W4V2B3G40272,Лазурный,810
268,8083MУ 93,Lada,Niva,2023,BDA8R12P15E9N9324,Малиновый,998
269,006D252 10,Kia,Rio,2003,A6E87UWN0ARY24283,Сине-фиолетовый,448
270,006CD7 82,Toyota,Camry,2010,88UWT91B8ZSGA5153,Желто-зеленый,620
271,K2209 152,Volkswagen,Golf,2024,6XMD2J1PXH54M3198,Аквамарин,335
272,Н0848 56,Lada,Niva,2008,AJTYV4EY6Y41E8467,Аквамарин,803
273,006D440 159,Hyundai,Creta,2007,ZELL16YA9VF9B7279,Светло-зеленый,365
274,B205BB 28,Volkswagen,Golf,2013,5CG2UCR28P2BK1990,Лазурный,191
275,Н1747 716,Volkswagen,Golf,2002,6W4SHNVU16AG48863,Ярко-розовый,791
276,009T044 94,Volkswagen,Jetta,2025,6F8487HM1VT5M6767,Шоколадный,253
277,ТО1709 27,Lada,Vesta,2008,7VUKM5XW61GNE0223,Темно-бирюзовый,158
278,С7725 35,Hyundai,Tucson,2025,04NBHXFP2ACDM8727,Розовый,650
279,У2409 43,Toyota,RAV4,2012,ZSUCKRJJXELSN4273,Шоколадный,325
280,009CD1 73,Kia,Rio,2002,WSA0XFME4A47T3406,Желто-зеленый,6
281,KM142 20,Kia,Sportage,2011,PSCGMBTD6TBDC6288,Фуксия,780
282,A4455 123,Kia,Rio,2004,KDHJ06573GJMX7549,Оранжево-красный,90
283,EB2463 82,Toyota,Corolla,2014,8P5A88TH4RJBZ7924,Ярко-розовый,571
284,MР539 87,Volkswagen,Golf,2003,YP8PF14W85EHX5145,Светло-зеленый,27
285,УK578 31,Lada,Granta,2017,GLC52Z690XRAK4643,Темно-голубой,96
286,001CD4 73,Volkswagen,Jetta,2012,1UTR82RT8705Y3749,Светло-желтый,13
287,000T650 74,Kia,Sportage,2012,5HV6N1774C6T32502,Античный Белый,798
288,AE2898 73,Lada,Niva,2017,ZE98B4S620P3W4984,Каштановый,927
289,О8420 14,Toyota,RAV4,2016,5J6HH9GS8AFU50737,Сливовый,174
290,ТН8599 50,Hyundai,Solaris,2004,WLXUDYZA8LYXX9305,Бледно-зеленый,276
291,6760РM 21,Kia,Sportage,2015,3PDH7L1H9MU293903,Светло-синий,150
292,СУ9660 173,Lada,Vesta,2013,DNKWS2YL96ZJ91210,Золотой,283
293,УE441 186,Hyundai,Creta,2015,29HNJ4ZN3PFMA9356,Фиолетовый,802
294,УK7950 97,Lada,Granta,2008,TPLWEYGN2AMJT2512,Индиго,967
295,1752EР 32,Toyota,RAV4,2020,HULADSYG404EM9990,Темно-оранжевый,508
296,Р084BН 18,Volkswagen,Tiguan,2014,9J0TLXLE2XRFM8513,Васильковый,110
297,6142ХО 30,Toyota,Corolla,2000,2H4ZN02S755YY3346,Темно-синий,972
298,E6593 39,Hyundai,Creta,2026,Z3J75X6R54ZPJ0333,Темно-красный,636
299,С366AУ 34,Hyundai,Creta,2014,2C6EX4A56YTYW0936,Бирюзовый,343
300,Р6576 154,Hyundai,Tucson,2019,NNKM4DGZ6CN871954,Бежевый,140
301,ОТ955 38,Kia,Sportage,2019,F49CFC6D0LM2W5148,Аквамарин,971
302,ОM626 03,Toyota,Corolla,2010,RVJ7L8KKX7TJF8762,Красный,182
303,УE9730 32,Hyundai,Creta,2009,J4ULXANA3ZDWW0235,Серебряный,753
304,E828MС 18,Hyundai,Tucson,2025,KN6RM5HL6GL0F6446,Белый,249
305,0415EM 27,Kia,Sportage,2008,RYPMGY153N38K8977,Золотой,837
306,A6725 11,Hyundai,Creta,2003,9Z24K5WXXU3F70734,Зеленый,955
307,K079ТE 19,Volkswagen,Tiguan,2018,RHNXLBYN39SYZ4283,Темно-розовый,559
308,Н668СB 61,Toyota,RAV4,2024,NW8LPTT66K3FT6689,Красный,564
309,ОM059 64,Lada,Niva,2014,L8T85EDM8GP5Z6322,Коралловый,966
310,ОТ1921 26,Toyota,Corolla,2025,UVKRYKXZ7UE4N9631,Васильковый,299
311,У4369 34,Lada,Granta,2021,BN6UG9F14S18Y1274,Золотой,512
312,BТ986 43,Toyota,RAV4,2009,W2PNER1T9TCNT2230,Слоновая кость,248
313,УХ775 67,Kia,Optima,2004,JAK51K1352D9K3273,Серебряный,733
314,7463ХН 84,Hyundai,Creta,2002,EMT68Z019MZT93806,Бледно-зеленый,460
315,С311BУ 29,Volkswagen,Golf,2018,Z6WY2DSU9KXBZ6636,Черный,411
316,002CD6 58,Volkswagen,Golf,2017,ZHM1CCY41EYPD2940,Тусклый серый,38
317,003T132 45,Kia,Optima,2025,M9VMTV7M8SZW40305,Индиго,550
318,E524ТM 92,Volkswagen,Polo,2003,5ZNAZFZZ38HWV2015,Хаки,788
319,M3616 62,Toyota,RAV4,2021,VTN9ZA9R929KG1954,Светло-розовый,364
320,KУ5776 68,Toyota,RAV4,2019,5FUMM2360VZC05956,Темно-голубой,46
321,9360BТ 190,Volkswagen,Golf,2024,60W2TR7LXY3V93608,Античный Белый,340
322,000CD3 38,Hyundai,Solaris,2000,75A1USXU5CVEJ3720,Серебряный,101
323,СK5670 197,Kia,Rio,2016,71NSLYJC23LGS9677,Белый,765
324,K1649 02,Volkswagen,Tiguan,2014,MHUYF4NZ2AMD76810,Шоколадный,384
325,6625MР 83,Hyundai,Creta,2024,43L4K16J0W1326159,Черный,696
326,0738СН 46,Volkswagen,Tiguan,2011,SVEKYJFS0H7D79390,Светло-зеленый,26
327,9671СK 125,Hyundai,Solaris,2009,7C1NJ9GB83CNK5111,Красный,426
328,Т294BE 55,Lada,Vesta,2026,V3E9FVTW8AL5C6606,Серебряный,964
329,AУ9978 39,Toyota,Corolla,2009,WJJC27ZC6DV1B6329,Золотой,352
330,K0715 154,Hyundai,Solaris,2016,6L8EE75X4VVSV8605,Хаки,495
331,Т889EA 41,Kia,Sportage,2003,40VLVH3N31DT18923,Золотой,449
332,Р1924 799,Hyundai,Creta,2002,BRLMW5CSXGP7K4967,Темно-фиолетовый,308
333,РН574 152,Lada,Niva,2003,0L9T48P78XFEN1156,Черный,24
334,РО6705 14,Kia,Optima,2003,T1CZD5EG2YLZU6502,Бежевый,694
335,УM633 38,Toyota,RAV4,2007,0FKP9HLV9MX9S0515,Темно-синий,529
336,3242РB 65,Toyota,RAV4,2005,8RAZRWGX42DNH6237,Слоновая кость,339
337,2681ТK 24,Volkswagen,Golf,2014,0BH6BE9Z3FG7Z0625,Фуксия,238
338,НН1892 56,Hyundai,Tucson,2005,F6G14ENS3Z0UX3032,Темно-синий,191
339,УM4798 66,Hyundai,Creta,2000,PV7UZU963TBTL3250,Золотой,756
340,УK7608 89,Volkswagen,Tiguan,2014,BD2APVBJ8D5SC6736,Темно-зеленый,607
341,С601РE 67,Hyundai,Creta,2000,0Z1FDSK4966UF8474,Темный хаки,722
342,003T031 14,Toyota,Camry,2008,7RTFRUB08K5J18455,Светло-голубой,771
343,007D962 29,Lada,Niva,2003,N571ZKU6X4BR10660,Темно-красный,819
344,Т1749 81,Volkswagen,Tiguan,2011,CZ7R9KH5XJLXE0667,Белый,334
345,BО024 27,Toyota,Corolla,2003,DCNHG1W55P2AF1072,Бледно-зеленый,269
346,005CD0 74,Hyundai,Tucson,2020,UV7GMEEC7WLNG1714,Красный,321
347,E492EA 34,Volkswagen,Golf,2019,Z5NB4ZN9418AT1768,Светло-желтый,402
348,E0507 41,Volkswagen,Polo,2011,9H5EJF4F9YGS02502,Бирюзовый,361
349,СK403 178,Hyundai,Tucson,2005,SNGDH0N24TG7J3308,Светло-серый,834
350,У2908 56,Kia,Optima,2018,2M4HZY7M39DWY9051,Васильковый,87
351,A744MР 82,Toyota,Corolla,2003,75X8YG125ZHSM3456,Бледно-Бирюзовый,245
352,K4496 70,Kia,Rio,2005,R1V9ESR4001714741,Темно-синий,383
353,С8252 88,Toyota,RAV4,2012,J1KDFP8S0MXVP0269,Шоколадный,429
354,006D848 13,Volkswagen,Tiguan,2018,D7UCSX5W85FMF5248,Хаки,393
355,M9839 91,Hyundai,Solaris,2015,1DNFP9S37BWFJ8853,Сливовый,651
356,B499РХ 53,Volkswagen,Tiguan,2017,WMHYCVW39TW5K4990,Фуксия,171
357,Н7396 95,Hyundai,Creta,2004,3CG2MXDS82J8Y8910,Темно-фиолетовый,192
358,Т3072 121,Kia,Sportage,2019,ZZWW5U7R3ETFK5872,Цвет морской волны,55
359,B485РС 173,Kia,Rio,2015,V80RLXA58AYZP8291,Оранжево-красный,140
360,MТ960 87,Toyota,Corolla,2017,J7NMPCWE4TD8L0437,Фуксия,518
361,7071ОТ 46,Hyundai,Creta,2021,G7HK114H130F80756,Бежевый,504
362,004D079 198,Hyundai,Tucson,2026,ATABZMK03Y0P87344,Фиолетовый,455
363,007T366 57,Hyundai,Solaris,2002,HVPZWFX520N4U0539,Розовый,579
364,Р8536 01,Lada,Vesta,2009,7XJE2G4A5J8C75600,Зеленый,34
365,007D752 98,Kia,Rio,2017,1V80VW7V5TJBW6350,Васильковый,296
366,4388УB 198,Toyota,Corolla,2018,TWS9AV303SE5L5431,Розовато-лавандовый,761
367,ОM2560 190,Hyundai,Tucson,2016,RWZA3DU283BS56155,Темно-зеленый,116
368,AХ3122 113,Volkswagen,Polo,2008,URVUSLJ14A8TH5324,Темно-серый,794
369,KХ8617 03,Volkswagen,Jetta,2017,P5F3MVEB4RJNM1367,Желтый,843
370,EО5107 102,Lada,Niva,2014,NPY1PAP30HJ698687,Серебряный,560
371,НУ258 68,Toyota,Corolla,2003,0SFLU23R2P6XV2551,Розовый,754
372,BТ7849 81,Toyota,Corolla,2001,D5BWCHGM1YUA88019,Темно-синий,461
373,ОB4615 126,Kia,Sportage,2026,UMF009GV87H7A0810,Светло-розовый,90
374,001D988 50,Hyundai,Solaris,2024,3GFVK89S5F1128179,Темно-фиолетовый,832
375,5808BM 04,Toyota,Camry,2025,CDJ2M3843U3B75635,Серебряный,756
376,BB694 173,Volkswagen,Jetta,2022,295AJUVUX0NCS4281,Серебряный,625
377,AР988 48,Hyundai,Solaris,2019,L5BR101FXPTNY3146,Сливовый,143
378,О578УB 38,Toyota,Camry,2025,2JN4KFZS0N3R04164,Пурпурный,61
379,005T322 40,Volkswagen,Jetta,2017,2X0HYRG72PPYG2613,Темно-фиолетовый,288
380,1805СK 43,Volkswagen,Tiguan,2010,K3EPHH0X3Z8B18859,Желто-зеленый,721
381,5693EН 73,Kia,Sportage,2018,0WUA9FTF9EG8D1275,Каштановый,274
382,005T578 08,Volkswagen,Polo,2004,A9Z26WY65JP290629,Красный,986
383,У4735 38,Hyundai,Solaris,2008,H7JF52DB9UW4U3186,Желто-зеленый,888
384,004D772 13,Toyota,RAV4,2004,764J1EZG4S26V3782,Слоновая кость,256
385,009D533 190,Toyota,RAV4,2010,09LDE99G0VBWW2577,Темный хаки,849
386,РУ0218 186,Toyota,RAV4,2012,NB67JKU31ESYZ3638,Темно-бирюзовый,502
387,AХ759 44,Toyota,RAV4,2020,PZKVX4RF9F9409285,Темно-фиолетовый,276
388,ОB7946 77,Hyundai,Creta,2014,V5UDT6EL0958M9459,Красный,78
389,E5019 150,Lada,Granta,2016,WDYYU9SC1JYW68965,Сливовый,768
390,С2008 24,Kia,Optima,2011,227GBZTT4L6LY9062,Темно-фиолетовый,466
391,1490ТХ 68,Hyundai,Creta,2018,V71Z11GNXABXJ8724,Пурпурный,3
392,006T652 152,Lada,Niva,2014,C3N8W8W08GDFL5123,Темно-серый,651
393,Р7777 38,Kia,Rio,2025,G9RMXL4DXV6G11049,Слоновая кость,548
394,B8061 09,Hyundai,Solaris,2013,XGSSTYHX6AJEP2171,Золотой,845
395,С0325 136,Toyota,Corolla,2008,RP0PLVRY064YB3507,Светло-синий,331
396,009CD4 199,Kia,Sportage,2017,RHT5BR6G9F7SB9936,Ярко-розовый,592
397,ОХ4390 56,Toyota,RAV4,2015,5MSSD24S04N5R3621,Темный хаки,808
398,Р048BB 38,Kia,Optima,2024,PCXFTPAX2SVWX2959,Розовый,50
399,Н489ТХ 09,Lada,Vesta,2020,X6BR7LJB5FD7D7002,Шоколадный,803
400,С7460 28,Hyundai,Solaris,2003,5FUJ5PYX7HBP51291,Пурпурный,952
401,6176УН 159,Toyota,Corolla,2014,A0EPP9LY500BE0630,Фиолетовый,1
402,НE897 121,Hyundai,Solaris,2022,PCNTKYAT0THPL8474,Лазурный,932
403,У8310 24,Toyota,RAV4,2009,N44XLSKN81L170581,Античный Белый,163
404,7974MР 80,Kia,Rio,2020,6DVURCRJ5EKVV6533,Темно-оранжевый,370
405,006T337 26,Kia,Rio,2011,0UAZ85N14DYFJ2374,Темно-фиолетовый,681
406,Н194AН 01,Toyota,Camry,2012,GX9T2XUA2YVFT9145,Золотой,641
407,Т919СB 76,Kia,Optima,2022,KYERUPDV4VKZN8858,Оранжево-красный,774
408,РB1984 48,Toyota,Corolla,2020,GR5UFLBM3XHFV7477,Оранжевый,94
409,BE848 177,Lada,Vesta,2006,VPR56XMP59B327983,Бежевый,489
410,ТA4517 41,Lada,Vesta,2018,RLPJ3L5EXT9X74424,Шоколадный,232
411,ТK065 42,Volkswagen,Golf,2000,CPCPXL2S4S1YY2821,Цвет морской волны,9
412,007D882 78,Kia,Rio,2013,CWUF4XWE0RT2Y9836,Бледно-зеленый,711
413,8550AУ 51,Toyota,Corolla,2002,HP3V9SA27EB0S1079,Тусклый серый,235
414,РС546 42,Hyundai,Solaris,2023,2MK6NUY82DVAH1775,Фиолетовый,826
415,008D198 197,Lada,Vesta,2010,3ZZK1YML2CSMX3805,Коралловый,377
416,С9507 06,Kia,Rio,2012,N6C3TTVB2LRFV1281,Бирюзовый,793
417,E853РТ 27,Toyota,RAV4,2021,8JAK6EX78C3PD7306,Лазурный,147
418,С8368 24,Lada,Niva,2018,UVACSUMTXPNNV0677,Бирюзовый,9
419,ХН105 77,Volkswagen,Tiguan,2014,X9N1J3BM952LL8988,Светло-синий,360
420,E5784 163,Toyota,RAV4,2023,X0320J823WKF84150,Серый,156
421,A6115 763,Hyundai,Tucson,2021,RU6EJ2HV3KMK35000,Оранжево-красный,454
422,2706ТТ 09,Toyota,Camry,2003,RKKFMUNZ3DSJY0363,Шоколадный,144
423,MН817 09,Lada,Niva,2023,EFN5JBGH8333G9663,Тусклый серый,394
424,ТХ488 73,Kia,Sportage,2010,YAL7K1R88ZVD57099,Хаки,811
425,Т668СB 40,Toyota,Camry,2008,2EJR7B7P1LGTR0164,Коралловый,661
426,РK2536 22,Lada,Vesta,2017,9VSZVSBA4KYHP9579,Лазурный,616
427,9897BР 82,Volkswagen,Jetta,2024,E6MY7U3H7GV6T2614,Темно-розовый,964
428,M152ОM 190,Lada,Niva,2009,NZ0TJPG6X3GZY9137,Желтый,211
429,E9383 77,Volkswagen,Tiguan,2023,FSLAKBXT2KUGH0741,Античный Белый,402
430,ОХ353 190,Kia,Optima,2001,0LNMR6C0XG8PN6213,Черный,803
431,Т425EР 159,Toyota,Corolla,2012,1PSZ4ZHBX50SC0727,Темно-голубой,116
432,AХ9378 121,Toyota,Corolla,2020,F0TXAVFF1VUVJ2627,Желто-зеленый,609
433,8819УM 96,Lada,Niva,2000,VWJ0JHC52YAST3675,Розовато-лавандовый,370
434,ХТ5366 76,Kia,Rio,2012,ZDB3C5S821MFK3177,Лазурный,882
435,СУ331 56,Volkswagen,Golf,2011,7Z27SSH1X48EZ2362,Светло-синий,560
436,009T531 23,Toyota,Corolla,2024,NHFX7PYF062RU4159,Античный Белый,75
437,2365AM 68,Lada,Niva,2002,30TB0KY900U7F2518,Темно-розовый,15
438,О108MA 716,Kia,Rio,2001,LXY2S9534BUST9975,Фуксия,945
439,С681ОС 29,Lada,Granta,2016,8J3VEXC49C2C18714,Светло-желтый,294
440,AA626 10,Volkswagen,Golf,2013,X1BJYJZL1A5EA7988,Индиго,719
441,СB229 85,Hyundai,Solaris,2020,B9WBLG382JYPJ4938,Темно-зеленый,550
442,008CD8 69,Volkswagen,Tiguan,2008,KPHW44XB6TFXN4636,Фуксия,86
443,005T045 94,Kia,Rio,2016,FYP31YW3X8V079903,Оранжевый,944
444,K980MK 85,Toyota,Camry,2017,F8PTTG28X26CD0146,Темно-фиолетовый,335
445,AО260 85,Hyundai,Tucson,2020,5RH9RSEE840C71614,Античный Белый,782
446,Р719ТM 56,Lada,Granta,2022,WG3M8P250TVEN9005,Васильковый,448
447,K9517 75,Toyota,Camry,2007,FPBG8F20374ST2867,Темно-фиолетовый,89
448,000D249 30,Hyundai,Solaris,2014,CPVVVJ6K36YMC9057,Коралловый,627
449,ХР526 24,Volkswagen,Polo,2009,LW8SF7X74GAG85111,Васильковый,683
450,ХС5467 39,Toyota,Camry,2000,5DV5XG610KL4N6695,Слоновая кость,725
451,003CD4 02,Toyota,RAV4,2000,86YS6W2R779VD1301,Светло-голубой,168
452,BУ720 43,Hyundai,Creta,2016,LXRNUG12XJ9S41915,Сливовый,530
453,С4116 150,Kia,Rio,2011,DHBK58GX90H095466,Темно-серый,130
454,У421BО 83,Kia,Optima,2003,GS4EN7M09L05Y3466,Темно-красный,790
455,M3316 50,Lada,Granta,2025,L1U3LJ775JUF73713,Цвет морской волны,440
456,007CD8 11,Kia,Optima,2002,XULVR48E0HJYK0415,Желтый,270
457,K4359 799,Volkswagen,Polo,2015,FUX37UZP8XL4G2531,Античный Белый,467
458,7011СН 68,Volkswagen,Jetta,2001,VH2NA2LN10Z5H0957,Ярко-розовый,512
459,006CD6 82,Volkswagen,Tiguan,2011,4SDBJ5U763RBY1954,Розовато-лавандовый,162
460,000T880 67,Kia,Rio,2018,ZC6808WM5ADF69282,Малиновый,691
461,ОР2503 85,Lada,Vesta,2023,NU8UBW8G9YYC01342,Темно-синий,522
462,УР7421 154,Lada,Vesta,2000,01GB3VFX5W5J04158,Темно-розовый,251
463,У925KУ 01,Lada,Granta,2011,PNYYESJB7NW0E7379,Светло-синий,393
464,001T612 126,Toyota,Camry,2001,6FL775FD9MCP30107,Малиновый,567
465,ОТ8412 38,Hyundai,Solaris,2010,99BEA3XF2KD7F8570,Слоновая кость,255
466,С878KР 31,Hyundai,Tucson,2010,8E8UB9R43DV5P8099,Сине-фиолетовый,278
467,1784MХ 94,Lada,Niva,2011,F1CVHVE864GHS1337,Васильковый,123
468,НН0770 03,Volkswagen,Polo,2005,LENLZ9DGX2BEL8118,Бежевый,229
469,ХС779 30,Volkswagen,Polo,2012,MZYNEW5P9FD3V6415,Серебряный,71
470,О670УУ 69,Hyundai,Creta,2024,DE675U6702FYD9553,Пурпурный,866
471,K037РТ 716,Kia,Sportage,2002,W1DYD2T711JP98920,Лазурный,567
472,E6247 152,Hyundai,Solaris,2011,9KUHXF0P192ME5065,Золотой,206
473,Т2072 08,Kia,Optima,2025,NX2ELL170GHLU9968,Темно-фиолетовый,312
474,008D174 52,Volkswagen,Tiguan,2014,B3LG4P6P31B485674,Пурпурный,378
475,У5993 09,Volkswagen,Golf,2024,25EG6K3N025GH8067,Желто-зеленый,795
476,MС0000 52,Toyota,RAV4,2017,32JTGNGW4VNAP6834,Зеленый,779
477,M466EН 77,Toyota,Camry,2000,U46C3XM697RNB1812,Бледно-Бирюзовый,955
478,000D815 59,Hyundai,Solaris,2007,2KF7M2V57HXXR7416,Темно-синий,555
479,У323BТ 197,Kia,Optima,2026,SX4APKR77HRTJ6844,Фуксия,711
480,009T244 18,Lada,Granta,2000,EBZ56FV92AWL64479,Сливовый,778
481,MС0094 96,Hyundai,Tucson,2023,MGSF0JZY8XSXT8073,Фиолетовый,315
482,ТР7805 44,Lada,Vesta,2016,H0N87W8U1KVUW2897,Желто-зеленый,244
483,Х0919 123,Hyundai,Creta,2001,CPARG9MD0Y1NT1769,Цвет морской волны,996
484,Н0563 73,Toyota,RAV4,2008,Y3KHVXX86W49P4057,Красный,96
485,Х554MТ 190,Lada,Vesta,2016,3LWL9PRD3HNMM7448,Сливовый,423
486,007T663 142,Kia,Sportage,2023,MHB1M2MD4X90X0727,Золотой,87
487,8870ХС 50,Volkswagen,Polo,2016,AUS2FTU21GBJC2764,Розовый,137
488,AA9616 62,Hyundai,Solaris,2018,EXYWG9HY658RC1649,Бледно-Бирюзовый,582
489,Т0725 33,Lada,Granta,2021,N37R5NUX0Z0D48079,Слоновая кость,988
490,000CD8 15,Toyota,Camry,2009,CDK20DXK2BHJ73269,Светло-серый,268
491,B959ТB 123,Kia,Sportage,2022,BKTG3F5757GUN8287,Светло-розовый,852
492,BB0339 14,Kia,Sportage,2014,PRUUG0DJ8NJAZ3837,Темно-бирюзовый,279
493,K7348 58,Toyota,Camry,2006,4F1BVX967SAN37931,Желтый,140
494,НK6799 26,Volkswagen,Polo,2004,HKZFW0SW2H6AU7938,Ярко-розовый,109
495,СР478 96,Toyota,Corolla,2014,64J2VRAR2J7LY9652,Темно-серый,322
496,У204AM 716,Hyundai,Solaris,2017,1W759HFF9PV7J7026,Каштановый,367
497,K5019 85,Toyota,Corolla,2009,PD5628LZ8E6EX4567,Бежевый,475
498,001CD7 90,Kia,Rio,2002,C6VPT2YE3DWDF0217,Желтый,162
499,0101УM 31,Kia,Optima,2022,TA5AAG113RMHU6138,Серый,618
500,E143НС 10,Lada,Vesta,2026,HX6523KM158LT0153,Бежевый,878
501,РО477 80,Kia,Rio,2002,T4LGZMR04HABK5750,Серый,729
502,AО8617 159,Toyota,Corolla,2012,G7AYY78K14P258816,Светло-зеленый,526
503,У5708 31,Lada,Niva,2009,SYRL3GHJXG0SY1442,Бирюзовый,267
504,008CD8 14,Toyota,Camry,2012,N35M8EVZ9GV3J6268,Коралловый,876
505,BО4207 66,Hyundai,Tucson,2023,6V13U5GEX0EWS6597,Зеленый,564
506,000CD5 45,Toyota,Camry,2014,8W6L32YU9811V0175,Слоновая кость,105
507,2845НР 80,Toyota,Camry,2000,7UXX3UUY9BEK82192,Темный хаки,64
508,AУ152 99,Toyota,Camry,2006,BPYECUWH2A3NH0891,Фиолетовый,844
509,ХР9880 20,Hyundai,Creta,2021,BAMS94DT130NY1088,Белый,646
510,001CD6 31,Lada,Niva,2018,4SFW4EPM8L8SV9591,Золотой,266
511,О296НС 68,Lada,Vesta,2002,CR49PFRZ80BLH7320,Фуксия,203
512,С694AТ 76,Hyundai,Solaris,2002,WDY7CJ841LJZJ0066,Темно-зеленый,927
513,003T004 75,Kia,Rio,2001,4ELT1Y3R2P1JJ4937,Индиго,965
514,5830MР 03,Hyundai,Solaris,2005,9Y2AWUGP8L48L1300,Хаки,947
515,MР8808 190,Volkswagen,Golf,2026,BYK2RAZA5ANLE8507,Малиновый,742
516,Н851НН 113,Hyundai,Creta,2000,8CMAGW663N1P87887,Темно-голубой,392
517,8418AН 20,Hyundai,Solaris,2011,J7921YG31UDD04515,Слоновая кость,220
518,Х6899 48,Toyota,Corolla,2008,VEZWC30P6R4PT2390,Темно-синий,457
519,A1241 38,Toyota,Camry,2019,XDK69L5EXCUKD6694,Желто-зеленый,635
520,УХ1459 150,Volkswagen,Tiguan,2020,PT8P3L7J0VXTE6318,Темно-зеленый,303
521,002CD3 102,Hyundai,Creta,2017,H0DFEF7R70Y2G0250,Античный Белый,491
522,M866ОС 53,Lada,Vesta,2008,W3Y0R3AWXTUCT5789,Розовато-лавандовый,393
523,Н738AС 186,Toyota,Corolla,2006,0CC3W26A5WP7S4770,Шоколадный,659
524,A367СУ 32,Volkswagen,Tiguan,2020,Z5UR11RS6Y4KA8812,Фуксия,822
525,СУ658 05,Volkswagen,Polo,2012,U5V9AJ7WX834D9703,Темный хаки,801
526,9854MС 177,Kia,Sportage,2017,3HFCGTLR6B7D57260,Бледно-зеленый,801
527,6664AН 78,Hyundai,Creta,2018,KE2Y1DVB89TY25371,Темно-красный,515
528,Н781KУ 76,Kia,Sportage,2008,C5JA8XMR1HGFC2479,Желтый,185
529,Р730НУ 98,Lada,Granta,2019,TU93K1VH2MVVJ6401,Зеленый,225
530,E9978 56,Lada,Granta,2001,UM9LMK0G9WBB45866,Индиго,829
531,EХ794 11,Hyundai,Tucson,2011,U27LG7EA2DF9C7386,Желтый,786
532,2254ОУ 82,Volkswagen,Tiguan,2005,TBTU64EP74KCY6574,Оранжево-красный,103
533,Х926EР 82,Toyota,RAV4,2007,P1S3450U7U5J36460,Светло-зеленый,273
534,A916ОН 57,Volkswagen,Polo,2024,KMKF347XXYKA18462,Оранжево-красный,971
535,EХ5898 197,Toyota,RAV4,2025,C4YCA7TSX3V4S5691,Цвет морской волны,398
536,B134AУ 26,Kia,Rio,2005,N32THB0WXKTM96434,Желто-зеленый,243
537,005T053 190,Volkswagen,Jetta,2025,YYG66T1AXCYMN8595,Светло-желтый,756
538,007T592 14,Kia,Optima,2000,G5NLAAE4X2F9Y1643,Индиго,721
539,004D433 26,Kia,Optima,2018,KNWUYJ4J5SHX07724,Бирюзовый,146
540,003T419 102,Volkswagen,Tiguan,2026,TV523VJJ4F5RG2982,Шоколадный,830
541,E658НТ 799,Hyundai,Tucson,2009,4BJ51MPXXPGEG9991,Бледно-Бирюзовый,180
542,ОН2343 48,Hyundai,Solaris,2002,H4W2Z2TD3JFLV1395,Светло-голубой,58
543,004T590 799,Toyota,RAV4,2007,D80A575B3Z6LG6421,Темный хаки,21
544,С7707 113,Volkswagen,Golf,2000,P2V2P2S95SBGC6327,Шоколадный,340
545,Н2079 186,Volkswagen,Tiguan,2025,4GY3XZFV0MACU9877,Желтый,134
546,ОТ845 90,Kia,Optima,2005,H7EZPV0A87TN76290,Темно-фиолетовый,941
547,2747СХ 80,Kia,Rio,2000,7PMECD5V6KYMR9313,Черный,152
548,1765УA 125,Volkswagen,Tiguan,2024,8223AYUK0W41N9958,Коричневый,114
549,005CD3 84,Volkswagen,Jetta,2002,4TC71MDY6WAYJ6932,Бледно-Бирюзовый,383
550,E6897 56,Hyundai,Tucson,2003,C65NAGDY9VC7K2075,Оранжево-красный,345
551,MУ1996 50,Kia,Sportage,2004,LRBGCH104VETM7715,Античный Белый,1000
552,000D518 27,Toyota,RAV4,2013,N682C6UVX7HHP2075,Зеленый,811
553,B6760 20,Hyundai,Tucson,2010,M4HFH1611WRKW2655,Фуксия,179
554,У5732 98,Volkswagen,Jetta,2007,XK64M1UL1F4KU9023,Цвет морской волны,682
555,001CD4 198,Volkswagen,Tiguan,2012,2T7RMEWE5A1Y50534,Оранжевый,315
556,E0961 62,Kia,Rio,2005,4X84US8S4W4M49036,Темно-оранжевый,747
557,B977ТО 37,Lada,Niva,2018,7JTV3R4W800ZE4961,Аквамарин,401
558,8847РТ 92,Volkswagen,Polo,2005,ZZ0GDWNS0BVGZ8686,Малиновый,617
559,000CD0 76,Kia,Optima,2007,5LGYMN280065L3367,Золотой,655
560,Х4082 88,Volkswagen,Polo,2015,BJSK8FV69HAD76509,Фуксия,145
561,3781KB 15,Kia,Optima,2002,P7Z5FR228KUKJ4790,Светло-желтый,244
562,AН5193 46,Kia,Sportage,2005,0Y65AU42XU5JK9860,Синий,652
563,У6117 777,Lada,Niva,2021,0HA1TX42X0H1G5858,Каштановый,655
564,007D957 33,Kia,Sportage,2000,J13E4C6P6VNUB1861,Серебряный,272
565,УM764 21,Toyota,Camry,2022,HNZDBP535EDG91026,Коралловый,70
566,Р0859 54,Kia,Sportage,2025,AUZBFPPG6B6F13448,Коричневый,111
567,Н769MB 64,Lada,Vesta,2012,7DPPFADX5YF8W5083,Темно-фиолетовый,449
568,НE243 45,Hyundai,Solaris,2013,07DNXULU5CEP22807,Античный Белый,505
569,Х5580 54,Hyundai,Creta,2017,AJ3XARBP8CV2U5872,Цвет морской волны,385
570,УУ873 66,Lada,Granta,2025,24PN99T07P2563167,Фуксия,885
571,EУ034 95,Volkswagen,Tiguan,2005,JVXMRZTD0X12M7137,Темно-зеленый,463
572,8981EХ 126,Lada,Vesta,2009,ERMVPCYR4ALR04451,Васильковый,21
573,AС464 49,Kia,Sportage,2003,9R8D4V5R5CGM50699,Лазурный,76
574,У8292 116,Kia,Rio,2012,R0R1KBYZ5FTC15710,Фуксия,165
575,Т6250 96,Lada,Niva,2002,K59DLA1Z8561W8608,Сине-фиолетовый,347
576,ТХ3603 72,Volkswagen,Golf,2022,Z2ZMZJGH1CBUY3721,Хаки,32
577,K1918 113,Hyundai,Tucson,2005,KEZKF3XY6B8835684,Черный,622
578,4729BХ 41,Hyundai,Solaris,2001,78ARNVKR9D7950302,Хаки,104
579,7042ХK 25,Kia,Rio,2006,YL66LA2T9RN9W3041,Васильковый,420
580,B0953 95,Volkswagen,Jetta,2021,325WBL5E025DV6223,Лазурный,289
581,AТ940 716,Kia,Rio,2003,HRR6FS3WX3JP47272,Розовый,51
582,008T063 161,Hyundai,Tucson,2017,EFDP28SB93KHR6251,Коричневый,861
583,K5151 38,Hyundai,Solaris,2001,E92SVC4056CMT4074,Зеленый,370
584,KK3638 163,Lada,Granta,2002,XHCE7LZ2X7S0R0084,Хаки,302
585,AB6831 49,Volkswagen,Golf,2006,SP12EGPP3A47Z8464,Сине-фиолетовый,100
586,000T232 01,Lada,Vesta,2005,7RN71S282M8AR7507,Белый,654
587,Р0461 67,Kia,Rio,2015,A0ZJCUNUX101G8872,Светло-серый,865
588,B3653 190,Lada,Granta,2025,YRJ6GJ0X3MD5J1974,Фуксия,408
589,5080AE 04,Hyundai,Creta,2021,UNKXCLUG9GDT62729,Лазурный,272
590,9824НA 86,Lada,Niva,2017,8GUKV30C28Y4U6074,Античный Белый,397
591,EН553 17,Toyota,Corolla,2012,CG6VTBB26YPH39541,Сине-фиолетовый,379
592,K9058 49,Toyota,Corolla,2001,A8VCDDS76UNU70829,Шоколадный,270
593,О646РО 47,Hyundai,Creta,2008,WNRAM4GN30NW10143,Светло-розовый,232
594,8610EС 61,Kia,Optima,2001,M7GF0LM04TM880328,Желтый,155
595,5283ТA 159,Lada,Vesta,2021,C1UYE1E4627UX3884,Индиго,353
596,Т1910 59,Volkswagen,Golf,2024,1Y7W3NYJ6U8KF4540,Розовато-лавандовый,604
597,О3843 93,Toyota,RAV4,2001,LPTYULWA6EAXD9626,Васильковый,861
598,KР3919 10,Hyundai,Tucson,2013,LTSL7G5E9SE0Z4307,Ярко-розовый,989
599,Х6051 121,Volkswagen,Golf,2018,X1AHBFUF7F35D7437,Черный,903
600,3413НУ 178,Toyota,Corolla,2009,8U0T857J9VDGW7620,Светло-голубой,81
601,K4145 161,Hyundai,Tucson,2001,TKVC57SZ2SSEX8592,Оранжевый,515
602,000CD8 86,Volkswagen,Tiguan,2003,HEC38KPX0U14G8165,Черный,973
603,2446ХE 186,Hyundai,Solaris,2005,AU5WDGR35C6GC8736,Розовый,996
604,С372EТ 37,Toyota,Camry,2004,1KM1E1EH1JYTG9116,Светло-розовый,44
605,ХР868 95,Hyundai,Solaris,2021,DEX9AY757BPZF5539,Лазурный,446
606,BK716 13,Toyota,RAV4,2004,FFZK5XWS2K1XA0287,Зеленый,855
607,004T881 01,Volkswagen,Jetta,2010,M2F6TX5BXEME48837,Серебряный,933
608,2781MО 161,Lada,Vesta,2012,FLFT0FB37T76M7248,Желто-зеленый,570
609,003CD0 196,Hyundai,Tucson,2010,Y25HRY3641GJV4128,Сине-фиолетовый,878
610,AС624 97,Kia,Optima,2014,KZMSBDVU3VWT21732,Сливовый,940
611,K1368 12,Lada,Niva,2019,UPXJ5TGE4XPT66633,Розовато-лавандовый,602
612,НK7777 186,Volkswagen,Golf,2003,P9HMZET5XJKAC8837,Цвет морской волны,425
613,0424MН 02,Toyota,Camry,2018,BNRY408X85S718295,Темно-серый,603
614,Х3294 01,Volkswagen,Polo,2003,EZ2KDYG651ZRL2698,Темно-фиолетовый,577
615,A199РA 80,Lada,Granta,2017,ZDD6F9K33JBN32759,Черный,902
616,Н5557 53,Kia,Sportage,2008,RD051Y1M4XDJ86055,Бежевый,393
617,0066BО 16,Hyundai,Tucson,2019,MC6VRS2A5W6Z64456,Темно-красный,485
618,KХ975 197,Lada,Vesta,2008,MPGS2RCH7CFAK2605,Светло-желтый,413
619,006T966 12,Toyota,RAV4,2019,8ZWL3J7JXKVGM0363,Сине-фиолетовый,698
620,ХО937 113,Hyundai,Solaris,2012,AAD2JJD59LMV22134,Лазурный,911
621,E6687 88,Kia,Optima,2007,F4RDTNVC64J7F7151,Серый,51
622,Р6795 37,Hyundai,Creta,2011,99HRXDW6XMV899675,Аквамарин,21
623,5402СХ 150,Kia,Sportage,2009,KD9RVSH89HUZS3667,Светло-желтый,288
624,С863ТB 152,Hyundai,Tucson,2021,8FL3J4JJXW4V94742,Фуксия,101
625,MН7861 14,Toyota,Camry,2009,MGWAXH4W68GR15193,Темно-зеленый,998
626,С8035 72,Hyundai,Creta,2008,82PYXW1X1DBLS5013,Ярко-розовый,747
627,4631РР 16,Hyundai,Tucson,2020,SBTTVT5S3D8F13386,Темно-синий,92
628,ХО498 173,Toyota,Corolla,2006,K2GSSPHY4SKHF7053,Белый,936
629,ТУ4121 777,Hyundai,Tucson,2015,RA435BFG52A2N8280,Темно-зеленый,778
630,Н4568 174,Volkswagen,Jetta,2026,T336ADC66H8LW5240,Темно-фиолетовый,58
631,2768ОB 32,Volkswagen,Tiguan,2002,XVCFEFMU46HGL9420,Ярко-розовый,319
632,О6295 13,Volkswagen,Golf,2004,TJ51D5K53P9DG7326,Оранжевый,800
633,Н4612 14,Volkswagen,Polo,2005,EHTWBUGK7BZ8K0198,Бледно-Бирюзовый,198
634,НK425 75,Toyota,Camry,2007,9U1YZ6FZ6FG3W4751,Бледно-Бирюзовый,34
635,ТB0582 47,Hyundai,Solaris,2011,4NLHTN591U77N0690,Серебряный,722
636,3725KA 82,Toyota,Corolla,2011,8LHRKEGH9G24A2805,Серебряный,844
637,001CD9 62,Hyundai,Tucson,2012,4XYF1MC21BAR00343,Аквамарин,651
638,УН5628 53,Lada,Niva,2000,YPRNVEEF052N69943,Светло-голубой,248
639,7878EС 03,Kia,Sportage,2019,MXBZFVC1XUPJS1898,Цвет морской волны,457
640,000T745 173,Toyota,Corolla,2018,ALRW1DAV8NVM41887,Бирюзовый,565
641,2075УE 11,Kia,Sportage,2005,GS4WJD2S0YCA34847,Коралловый,858
642,УM0731 178,Kia,Optima,2026,6185B4CS0SG9U7291,Синий,706
643,006D647 15,Lada,Granta,2000,2YENBVMT0F7C15208,Оранжево-красный,396
644,B183EB 59,Lada,Vesta,2018,A34YJ5RR9R2J04308,Светло-серый,799
645,001CD6 79,Toyota,Camry,2020,9D9KRGHX4S4UW1060,Оранжево-красный,231
646,РР141 94,Toyota,Corolla,2020,834WA2ZG077W47980,Красный,420
647,ОM6585 177,Volkswagen,Polo,2024,PV2EESWL762DX9479,Светло-синий,991
648,СХ5230 89,Lada,Granta,2004,1JLDCGD252W314982,Аквамарин,663
649,ОР547 61,Toyota,RAV4,2025,CUJ6UD9MXC4CN1172,Розовато-лавандовый,9
650,BР633 07,Toyota,Corolla,2019,4G1ZU67A1KE4S5804,Темно-фиолетовый,825
651,007D211 124,Kia,Optima,2022,V7S717WT56M0T6352,Слоновая кость,659
652,УР107 02,Kia,Sportage,2012,STUHTK7J0KUMC7359,Оранжевый,873
653,M5257 77,Kia,Sportage,2008,RYXEP6RR4X27G0323,Бледно-Бирюзовый,224
654,009CD5 14,Hyundai,Creta,2021,V5N7RE0E10MT50477,Розовый,534
655,Н338MB 67,Volkswagen,Golf,2018,92UBZ6LT64N6D6030,Темный хаки,105
656,MТ635 80,Lada,Niva,2021,4YVFJY0J2R07Y4167,Красный,990
657,KA4742 37,Kia,Optima,2020,9SFKX2BM73KNG1628,Светло-синий,609
658,ОE733 121,Volkswagen,Jetta,2009,BM79WSSE6VGGW4041,Желто-зеленый,701
659,ХE4696 85,Lada,Granta,2002,M8TB5XP560KLG7135,Оранжево-красный,345
660,A0057 47,Kia,Optima,2010,M3YTTKWK48BWU1383,Лазурный,883
661,С3594 92,Kia,Sportage,2020,B9GP9J8R4K7YU0353,Розовый,729
662,MО4119 22,Kia,Rio,2004,37JWE6AZ8J1793584,Индиго,530
663,B7715 96,Toyota,Camry,2025,ZMC17VJHX1C2A7940,Васильковый,878
664,6419ТО 58,Volkswagen,Golf,2021,J30FWTGL1V91A2658,Темно-зеленый,328
665,5626AA 102,Toyota,RAV4,2000,P28Z11F190SXA0537,Бирюзовый,672
666,002T030 177,Hyundai,Creta,2008,545UAADW7PH5N6621,Розовый,929
667,Т702РХ 124,Hyundai,Creta,2012,AK0TDMFK9YHLN9263,Светло-желтый,755
668,A335НС 82,Lada,Niva,2022,NW0ZEGSD862NL8916,Светло-серый,586
669,Н0296 19,Toyota,Corolla,2023,H4K5UWLA3Z7HM0279,Темный хаки,731
670,1891РУ 29,Toyota,RAV4,2017,ZHMKXHG38BSN20926,Хаки,654
671,000CD0 05,Hyundai,Tucson,2011,NW26YJDL49MNP7529,Оранжевый,520
672,С8469 03,Kia,Rio,2026,17M89DR07JX314249,Шоколадный,674
673,BТ6724 49,Volkswagen,Tiguan,2009,U4PXYAJX4F4DM7476,Ярко-розовый,100
674,УС910 09,Hyundai,Solaris,2023,TFHWK6Z12AC1L4202,Серебряный,265
675,5733ОС 134,Volkswagen,Tiguan,2021,ZXRNVPNNXLRP22586,Пурпурный,922
676,О8782 69,Kia,Optima,2002,KZX8E3440SGMF2554,Темно-зеленый,228
677,РТ2948 750,Kia,Rio,2023,JW1J8KP35X3UM5633,Оранжево-красный,893
678,B961KС 76,Kia,Sportage,2025,PNLHAB7C2WW663241,Светло-синий,909
679,B774KО 13,Kia,Sportage,2008,G1M0V7GE6GDKX6947,Золотой,600
680,008T938 73,Kia,Sportage,2003,6S6XWRKL8C6TL8084,Васильковый,482
681,007CD9 09,Lada,Niva,2018,2LC59T2P29KMP5740,Светло-голубой,595
682,О5912 73,Volkswagen,Polo,2015,6E3YFVD79K7AF8359,Цвет морской волны,911
683,005D923 33,Toyota,RAV4,2003,P4BJNLY51HDM71627,Бирюзовый,889
684,ТE3270 27,Hyundai,Tucson,2009,D7WG39539EJHD6076,Темно-голубой,424
685,УО2633 763,Lada,Vesta,2004,SH5SBY3A46HEN5215,Сине-фиолетовый,206
686,E6850 48,Kia,Sportage,2018,KPAR40FM7G3LP4722,Фиолетовый,915
687,AО139 04,Hyundai,Solaris,2010,1HP9XPAC63PTE4087,Темно-серый,884
688,НН3859 15,Toyota,Camry,2015,0GDVKR339C1W95573,Серый,341
689,000D940 53,Toyota,Corolla,2020,GWP27WL19L3SL5665,Светло-голубой,60
690,Т2232 51,Lada,Granta,2008,B3GF24SF7UX7F1910,Золотой,215
691,НТ142 12,Toyota,RAV4,2024,0S790DAT4JMK91402,Коралловый,163
692,ХТ2430 126,Hyundai,Solaris,2004,E94127C92AGFM7892,Бежевый,630
693,007T913 81,Hyundai,Tucson,2013,EALR8YTB5TYRJ9484,Бежевый,414
694,7953ОB 90,Hyundai,Creta,2012,1C1W34SF9YC8M3602,Желто-зеленый,5
695,Х6173 174,Lada,Niva,2006,B0JLXVWC0Z05H8243,Желто-зеленый,749
696,ТE228 40,Kia,Rio,2010,C6CZLBAD50Y2J5906,Белый,776
697,Х441EM 159,Volkswagen,Tiguan,2000,AB0GPRV23EN3H8939,Зеленый,693
698,ХТ374 23,Lada,Niva,2023,NCMEDVZP7MF3H9190,Темно-розовый,255
699,5950СХ 134,Toyota,RAV4,2011,NX9EBC1165UKZ7086,Белый,320
700,ОУ4752 21,Toyota,Camry,2012,HFPRP3R97M9PG2702,Оранжевый,516
701,B556EУ 53,Volkswagen,Jetta,2005,50UTVTZ2XSKX39405,Темно-зеленый,67
702,ОM453 27,Lada,Granta,2009,2ULHE9T5XDX5N4340,Коралловый,467
703,003D109 15,Volkswagen,Jetta,2013,MTF2PF5B9HVJV2526,Светло-серый,910
704,A7644 29,Toyota,Corolla,2015,ZTE3W2W679JJ10101,Фуксия,368
705,Т2118 178,Toyota,Camry,2025,K22HG5448JB2J7231,Светло-зеленый,414
706,0640MB 88,Lada,Vesta,2007,54W3HD5226PZW5503,Светло-серый,745
707,AО0675 93,Toyota,Camry,2023,H8GEN5MS3H9WX0951,Бежевый,23
708,001CD5 41,Volkswagen,Tiguan,2003,R87M886U7DPCG2714,Коричневый,376
709,О650УM 81,Lada,Granta,2020,BLND83YC41V0L7122,Пурпурный,262
710,С524AС 85,Volkswagen,Polo,2019,U3U9LEFT8F57H0109,Серебряный,50
711,A297ХB 124,Lada,Niva,2026,BVK5MG0N830SU4345,Темный хаки,21
712,007CD3 88,Lada,Niva,2003,USUH563M3W0HC1292,Аквамарин,427
713,007D779 85,Hyundai,Creta,2003,ERWWZ51Y44ZEN0824,Синий,561
714,003T315 177,Kia,Sportage,2022,B4BFUR6R70L892017,Золотой,157
715,000D869 74,Toyota,RAV4,2021,862H1F2BXT2TE7673,Фиолетовый,646
716,KТ066 70,Lada,Granta,2013,YU1MN2234D3TB5090,Фуксия,678
717,Х556MM 716,Lada,Niva,2016,J59GDT5S93VS60502,Светло-розовый,277
718,У498KО 80,Volkswagen,Tiguan,2013,G1F96VVH1UVMP9117,Аквамарин,851
719,000T437 159,Lada,Niva,2023,C7MVN9BL6S3C40838,Темно-голубой,633
720,Р8675 68,Lada,Granta,2003,XPDL5LFGX9Y177439,Васильковый,804
721,Р037СB 01,Lada,Granta,2006,81F01Z0F42WNY4160,Сливовый,624
722,1661ТA 81,Toyota,Corolla,2026,SGKH4HEJ99AWV6162,Шоколадный,536
723,B5402 66,Toyota,Corolla,2022,2BKTNM064ZSGD8956,Темно-синий,420
724,007T453 15,Kia,Rio,2001,3BEJVT6KXVER34433,Каштановый,562
725,С753ХР 54,Hyundai,Solaris,2022,VSD7DGB20AYMA0249,Темно-синий,956
726,ОХ5121 174,Hyundai,Creta,2007,YS1T362R0VZAK6589,Шоколадный,3
727,006D582 39,Lada,Niva,2002,MG3KJM2E7CGRR9863,Светло-желтый,929
728,С449СО 11,Lada,Niva,2021,9SMEBE5N6W73J3070,Сливовый,506
729,8601НA 84,Toyota,Camry,2024,EFHL5B0G8DCY75418,Темно-бирюзовый,524
730,004D250 197,Lada,Niva,2023,KE93CN449VMM17867,Лазурный,104
731,KХ7603 67,Kia,Optima,2007,VDDR5HBG06UE07415,Каштановый,468
732,ОО4824 142,Kia,Sportage,2014,TKM5VAVP4R5GS7730,Аквамарин,52
733,Р196MA 14,Lada,Vesta,2001,40LTZCMU8XXXR2783,Темно-розовый,873
734,AE4714 61,Kia,Sportage,2025,8CVH19ATXERXP5652,Золотой,694
735,РН540 82,Kia,Sportage,2023,KZFVPNMF14GV36422,Темно-розовый,119
736,MР5839 102,Lada,Vesta,2000,5WRAV4HF6V5NE8852,Темно-оранжевый,873
737,004T302 777,Toyota,RAV4,2020,FLKHBH406KUZR9480,Розовый,175
738,009T890 92,Kia,Sportage,2014,VSCGBYAK0NVWC7711,Слоновая кость,979
739,5616EB 79,Volkswagen,Jetta,2023,DRX6FYC578SUT4031,Серебряный,96
740,006CD2 154,Kia,Sportage,2005,SUXSB5Z96B9GY2479,Серый,117
741,006T707 121,Hyundai,Creta,2014,SV6HNW0M0CL0Z7852,Бежевый,279
742,Т413РK 45,Hyundai,Tucson,2015,MH9JX75N158M65822,Ярко-розовый,820
743,Т706РР 174,Hyundai,Tucson,2025,C8D7SKLFXJANL8336,Античный Белый,171
744,НK210 21,Lada,Vesta,2022,AMKSVL5J3VX3E9995,Сине-фиолетовый,744
745,000D568 84,Lada,Vesta,2003,PCB35HDM0SXZZ4563,Бледно-Бирюзовый,427
746,ОС364 154,Volkswagen,Golf,2025,KZ82SC9T32R2H7392,Шоколадный,583
747,2992BB 32,Hyundai,Solaris,2019,HVGDM4UX5DZX98209,Коричневый,389
748,E382ХТ 82,Kia,Optima,2000,C37P1PNK04RZ37616,Темно-зеленый,884
749,M054ОС 04,Toyota,Corolla,2015,6C8HDFT19B7785743,Тусклый серый,116
750,ТН9179 22,Hyundai,Creta,2001,R45FRJ5Y92PKD6592,Бирюзовый,65
751,A1680 22,Kia,Optima,2010,6MDT2RJD8HYD99453,Бежевый,13
752,Т015KН 37,Volkswagen,Tiguan,2021,2NEBNUBK42KY38888,Темный хаки,895
753,M5516 85,Kia,Optima,2016,AJ3MVJ76X71FZ9353,Оранжево-красный,705
754,6677УA 163,Volkswagen,Polo,2013,05ZMZR3G413Z03942,Темно-фиолетовый,678
755,7839ХС 11,Toyota,Corolla,2011,CX2DVXD65TKND2058,Розовый,680
756,Р878BK 46,Hyundai,Solaris,2026,2N8H1L4545Y318136,Лазурный,847
757,СН1234 82,Volkswagen,Polo,2000,71JLALLF4PU6H9625,Темно-оранжевый,659
758,E010ТK 88,Toyota,RAV4,2015,8M0G7YU86EAG31148,Светло-желтый,873
759,Х2612 24,Hyundai,Solaris,2002,RTK6415588TWR2330,Темно-розовый,770
760,УО3238 36,Hyundai,Creta,2007,RZK7JFKJ42YG46228,Темно-фиолетовый,339
761,СУ595 02,Kia,Rio,2016,HA5UES0M92ZYB7721,Индиго,229
762,BA9157 83,Volkswagen,Golf,2012,6PMM6KNP1FL992964,Сине-фиолетовый,837
763,K8424 186,Toyota,Camry,2014,XA4A205W8FG032651,Темно-бирюзовый,455
764,007D813 22,Volkswagen,Golf,2002,JPR9PE4D0E2180241,Коричневый,878
765,BM442 18,Hyundai,Creta,2010,JFWXZ2PM5X29U9227,Бежевый,122
766,009D769 78,Hyundai,Tucson,2020,VBNSUK55XUJRV3507,Васильковый,19
767,006D339 72,Lada,Granta,2013,Z23V87JY893755052,Коралловый,37
768,A2259 40,Volkswagen,Polo,2026,F9D6KED80XKKT6166,Светло-розовый,94
769,A1198 59,Volkswagen,Jetta,2016,588PYW9F48LPS9037,Античный Белый,576
770,ОM362 53,Toyota,RAV4,2021,MZJRDV5H822NW7875,Оранжевый,468
771,B844MA 14,Kia,Sportage,2026,0YGZGAHKXSRU43793,Темно-красный,56
772,СО1188 716,Toyota,Corolla,2010,T5AYVEJV9VJP97496,Индиго,574
773,ХK881 56,Volkswagen,Golf,2022,TYLJ8DMH4W2W45579,Слоновая кость,673
774,У4553 06,Kia,Optima,2014,25YC7G708B7BN7259,Золотой,117
775,Х4055 60,Lada,Niva,2007,AL7YXJNUX0HDV5264,Темно-бирюзовый,3
776,СХ202 84,Kia,Sportage,2026,4H51TJS37A47H7265,Розовато-лавандовый,649
777,О9673 76,Kia,Optima,2016,AP34FA8M64P1U6932,Пурпурный,383
778,AО1588 45,Lada,Vesta,2005,HN9DSGG523RYS1002,Красный,505
779,M623EB 163,Toyota,RAV4,2023,8WL8RXBT2NE6H0586,Бледно-Бирюзовый,739
780,ME070 750,Hyundai,Solaris,2008,D63WWAA05MZCS8749,Хаки,626
781,EС0176 799,Toyota,Camry,2003,VDZ4875D20DEP0529,Васильковый,953
782,KР504 750,Hyundai,Solaris,2014,2SFBGHSGXAT7S6041,Пурпурный,845
783,005D427 44,Toyota,RAV4,2010,CX498KR5XXR546904,Коралловый,111
784,5441ТХ 11,Hyundai,Solaris,2020,GCYW3ATW4LTAF0503,Ярко-розовый,858
785,MО560 52,Volkswagen,Polo,2024,N663SLSF5585Y2267,Розовато-лавандовый,914
786,BE9272 716,Hyundai,Creta,2021,SJ9090NF9VMXR8418,Синий,604
787,О7224 763,Volkswagen,Tiguan,2015,FUU1YDFJ8XZDS0833,Оранжевый,5
788,Н668ОО 85,Volkswagen,Polo,2017,22XPTMF45YP1C0022,Розовый,958
789,У4709 27,Hyundai,Tucson,2015,3FEV6G084BYEB3747,Оранжевый,947
790,УО954 28,Volkswagen,Tiguan,2022,YT9FFSZD8BZ6N2407,Каштановый,593
791,6180ТС 07,Toyota,RAV4,2026,4G2DESBV09BXP2445,Светло-желтый,132
792,EО3272 134,Lada,Granta,2021,07LNF0L44CBVG1699,Фуксия,615
793,B516AС 69,Volkswagen,Jetta,2016,BJL7ECUU40SSK0575,Слоновая кость,903
794,У813EУ 01,Hyundai,Creta,2019,W0C86GSM3UZM55063,Золотой,938
795,Х5599 716,Toyota,Corolla,2012,RTVS4B9C5N7JF6449,Ярко-розовый,987
796,004CD3 45,Kia,Sportage,2014,0J7T0UC8XH0B07774,Сине-фиолетовый,825
797,УM197 36,Toyota,Camry,2013,Z62EGVD72BPFL7510,Античный Белый,617
798,3271AM 55,Volkswagen,Jetta,2026,DL6DLUCJ95REC3171,Цвет морской волны,719
799,MР5433 82,Volkswagen,Jetta,2022,ALK7YT000GM3B0682,Розовато-лавандовый,755
800,НР8691 84,Volkswagen,Tiguan,2006,6UBPJC7K07CDU5365,Коричневый,215
801,ОР616 21,Volkswagen,Jetta,2021,U1LHFEV2769YG7367,Слоновая кость,354
802,О312BР 87,Toyota,RAV4,2020,K1RV9UV04UAC50418,Каштановый,999
803,У787НХ 96,Toyota,RAV4,2017,GYG180PN5L1GS3175,Желтый,711
804,О438ХM 12,Kia,Optima,2003,EW9RXMJN2J6G97690,Тусклый серый,780
805,009CD5 67,Kia,Optima,2015,CT4DZMLA28D0U8823,Хаки,597
806,4358ХУ 763,Volkswagen,Golf,2021,7WWTFZPZ2MHEY6922,Розовый,766
807,K6287 95,Volkswagen,Jetta,2013,5W8UPDMM6P4UM5394,Розовато-лавандовый,828
808,009CD4 89,Lada,Niva,2003,TF4W0MLH0KE6K1793,Светло-зеленый,26
809,004CD2 116,Hyundai,Solaris,2001,NGK3SWR09YG3K4285,Аквамарин,687
810,EХ7035 45,Lada,Vesta,2008,WURE4VVY52SN75109,Каштановый,769
811,AР3461 163,Toyota,Corolla,2021,3H85Y4Z010L6D9220,Каштановый,257
812,A950BХ 20,Toyota,Camry,2022,KVGVB4NP6ZC2G5237,Каштановый,804
813,Н4568 190,Kia,Rio,2024,J9RECDFK93DJC6519,Бирюзовый,555
814,С413AB 74,Lada,Granta,2026,4SGG3CPFXCDJE4177,Цвет морской волны,464
815,000T718 126,Lada,Niva,2021,7A6R2UCA0W8623186,Светло-голубой,758
816,E883ОТ 98,Volkswagen,Tiguan,2023,19NVLFNUXCNJV4411,Розовый,663
817,СО996 29,Volkswagen,Golf,2007,K2AEZG0465GL13175,Светло-желтый,524
818,Т395РE 86,Kia,Optima,2021,RFMF62RX4BVRL3338,Белый,49
819,MС249 196,Hyundai,Creta,2013,SAFPNMB28KKKK1015,Хаки,980
820,0740НB 777,Kia,Optima,2001,1C9A7VWM1NGF59902,Аквамарин,14
821,EA103 198,Kia,Rio,2019,9Z540WBM80UDW7551,Бежевый,890
822,007CD9 174,Hyundai,Solaris,2020,DD2BAN7W4B8AY6668,Темно-красный,722
823,E3345 61,Kia,Optima,2017,BPSNSA5A9KK5K9590,Хаки,757
824,KР3782 161,Volkswagen,Tiguan,2024,TJZNUKYU0YY1L6955,Коричневый,743
825,5067ТХ 72,Toyota,Corolla,2014,HM57P1L991KAU5687,Темный хаки,182
826,Т9508 12,Lada,Vesta,2005,KST1REZB37T0W8504,Темно-розовый,753
827,У092EН 32,Volkswagen,Polo,2012,8BE1BJGR5L7JZ2763,Индиго,42
828,ТР5129 59,Hyundai,Creta,2017,HPFLEEMZ15UNE4999,Тусклый серый,271
829,009T522 78,Toyota,Camry,2018,L691356Y0586J4973,Светло-желтый,867
830,K6098 95,Kia,Rio,2010,4L1JLR7VXYPDG4005,Бледно-Бирюзовый,478
831,НТ2104 29,Toyota,Camry,2004,2ZJ6ZBTL6VBLM4907,Лазурный,951
832,004D151 12,Kia,Optima,2001,DWPVW1VR7H8DP0616,Белый,793
833,E836ТН 163,Volkswagen,Jetta,2015,PAYW4T990RG2U6915,Аквамарин,809
834,7610AE 40,Volkswagen,Jetta,2002,N592GPR87GCNU5734,Темно-синий,803
835,РН913 92,Kia,Optima,2007,XY18668EXADC73795,Темно-оранжевый,980
836,EM707 21,Toyota,RAV4,2002,0YZYTFFZ25CBB7908,Красный,806
837,С204MС 52,Volkswagen,Tiguan,2013,FL8YZ7TG83J0M9571,Каштановый,557
838,0284EE 90,Volkswagen,Golf,2002,7Y38E7FY63E4M7434,Красный,358
839,009D251 81,Toyota,Camry,2021,EEFN8ETZ2M0YT2201,Светло-серый,340
840,MО1167 102,Kia,Sportage,2009,4TA3Z9795UJMD4076,Золотой,224
841,ТE350 21,Volkswagen,Golf,2017,7FHGRL295ZGNH9184,Бледно-зеленый,844
842,004T972 62,Lada,Vesta,2021,JW04JYGK2TEG12175,Темный хаки,355
843,Н4444 173,Hyundai,Solaris,2020,PYK5JLAL6SKRL2888,Аквамарин,629
844,0431РС 52,Volkswagen,Tiguan,2001,05F7EUYM9DYYX4839,Шоколадный,699
845,001D542 29,Kia,Sportage,2025,G8AL1DDH49BEW1247,Коралловый,968
846,Р197НK 98,Lada,Granta,2008,44UFAFYW171MC3352,Оранжевый,554
847,Н8263 28,Kia,Rio,2016,6HP74NZ68HB8Y8119,Белый,842
848,003T420 72,Kia,Optima,2025,GCCLMCKC67V913497,Темно-оранжевый,521
849,Т242MK 08,Hyundai,Creta,2001,26WE8RCE9YAKG2430,Слоновая кость,304
850,9071EB 30,Toyota,Corolla,2016,PYU540K87AHJP9827,Малиновый,85
851,Р991НE 92,Lada,Vesta,2024,D66WYZN77744P6650,Темно-оранжевый,551
852,AE7601 84,Volkswagen,Polo,2020,E7R9MXP63RTNX0003,Темно-бирюзовый,68
853,ТР847 20,Toyota,RAV4,2020,HPZ5RE4B0ACTC1291,Слоновая кость,793
854,НB298 08,Toyota,RAV4,2013,D640R0EV2WJBN0506,Васильковый,856
855,ТE465 150,Lada,Vesta,2017,YRE5U6KP7RMEN5903,Красный,849
856,EK2466 99,Hyundai,Tucson,2026,R9ATXR5Y5HNMA4790,Цвет морской волны,963
857,MХ059 174,Lada,Niva,2021,G0PJV4RH3S3CJ3719,Цвет морской волны,158
858,3116AB 161,Lada,Granta,2022,RMFPB67L26N2G4240,Темно-голубой,340
859,009D086 06,Lada,Vesta,2002,ZFMPNZEUXVPVX4548,Темный хаки,56
860,НХ290 53,Toyota,Corolla,2017,DRAXLSZG04VUX9785,Малиновый,73
861,KA5808 70,Volkswagen,Tiguan,2008,VGP77EAJ80WMA6719,Темно-голубой,418
862,B0295 96,Hyundai,Creta,2020,CL5YNV4P9FR5E3209,Бледно-Бирюзовый,415
863,001CD4 154,Hyundai,Creta,2000,TH7XAJ5441RE03675,Сливовый,399
864,008T940 116,Lada,Niva,2000,6W5C3FY26GTW49718,Светло-серый,657
865,Р7316 125,Volkswagen,Polo,2024,VNAYKT460VXJ40069,Античный Белый,764
866,0183EН 68,Volkswagen,Polo,2022,R51R71MF642717007,Коралловый,869
867,EХ268 39,Lada,Granta,2016,3L73855R981RW9349,Желто-зеленый,109
868,1014ТM 17,Kia,Optima,2009,6UEB00P88MZR89642,Желто-зеленый,622
869,E1702 58,Lada,Granta,2024,GKRLL3AH1LG4M2182,Розовый,949
870,Н0242 45,Hyundai,Creta,2012,9TDFPBE89VY8C7548,Коралловый,842
871,E613ТУ 88,Lada,Granta,2005,1F7TVUWH9ZY1Y4822,Темно-синий,547
872,0496KA 96,Toyota,Camry,2023,TSVUBR3A853GY9649,Коричневый,401
873,M4584 53,Volkswagen,Jetta,2020,TNWW8FV80WZDB5342,Светло-синий,148
874,K2766 57,Kia,Optima,2025,GJ9YKJUK022075403,Темно-бирюзовый,888
875,ОО945 37,Kia,Rio,2017,BD9FKMFD9A9TP5668,Серебряный,896
876,У4920 91,Volkswagen,Tiguan,2003,18CEWS5507K685770,Синий,43
877,ХС6231 62,Lada,Niva,2019,FHA58NWSXRCVP5091,Аквамарин,404
878,РХ1510 20,Volkswagen,Polo,2009,42GJE13921RMS7732,Светло-зеленый,216
879,EР3808 32,Kia,Rio,2013,RCASVTE774WME1431,Светло-желтый,928
880,1414EО 51,Volkswagen,Tiguan,2005,9E2RGR8J35TYK3838,Сливовый,189
881,008CD9 55,Toyota,RAV4,2026,K4NJXGFJ6XAKM7528,Белый,259
882,9898EE 750,Toyota,Camry,2005,MNJ2H0822S88X0149,Ярко-розовый,688
883,4539ХУ 08,Volkswagen,Polo,2024,NVRR9UBD2139N3953,Красный,955
884,KТ2563 177,Volkswagen,Golf,2020,YD7BNAKP3E7858701,Ярко-розовый,563
885,BР3583 72,Lada,Granta,2021,0JB8M6MU1YX5W9443,Черный,69
886,НУ589 18,Kia,Rio,2006,4NHBMUAX4CC8U3964,Синий,744
887,AУ868 78,Volkswagen,Golf,2010,J0XXM7LE6VN3R6720,Золотой,366
888,2856СН 90,Toyota,RAV4,2020,J6TJFD768LK2A1568,Золотой,241
889,001CD8 10,Lada,Granta,2019,S1FTFAEP206UN1852,Серый,72
890,K739СР 17,Toyota,Corolla,2015,JZJLHKC27VYXJ0745,Коричневый,462
891,006D518 85,Kia,Optima,2021,7SFCBPEF0WNWZ6305,Белый,314
892,О7025 05,Volkswagen,Tiguan,2018,WRUU3RN2164TZ8526,Каштановый,581
893,Н3264 81,Kia,Sportage,2013,H7G5BH1G1JZDL3968,Светло-розовый,173
894,A0182 02,Lada,Granta,2007,ZY7RD8D04ZE7X7191,Светло-желтый,805
895,BО018 116,Toyota,RAV4,2023,WPWT17Z3599T98675,Темно-бирюзовый,657
896,5289KE 83,Hyundai,Creta,2026,7SUM6YYC2WJF81319,Темно-зеленый,369
897,EХ6255 44,Toyota,RAV4,2023,YUP569LU7D8WA6516,Слоновая кость,340
898,Н836EС 20,Hyundai,Creta,2014,CJ8EM2CC3KTZV4607,Темно-фиолетовый,368
899,M6544 89,Kia,Sportage,2017,08ZYDB792YXH35588,Серебряный,112
900,AK5134 66,Toyota,RAV4,2019,P4TLTUEY66EK64477,Васильковый,84
901,ХK4106 64,Kia,Rio,2017,W9VTRPTAXFEDR0670,Ярко-розовый,202
902,007D441 08,Kia,Optima,2020,GCX88B417FMZB3409,Слоновая кость,79
903,001T732 13,Lada,Vesta,2016,D61USSJU1XZZY5184,Сливовый,647
904,007T888 53,Lada,Niva,2018,NZYNWX676JT544917,Золотой,415
905,3951AС 38,Volkswagen,Tiguan,2001,9YSSUK028M4E40326,Темно-фиолетовый,565
906,MB420 77,Kia,Optima,2017,TP7EDMBJ84FT59576,Аквамарин,484
907,9297AM 56,Toyota,Corolla,2012,DUVS50VTXCMKL7621,Серый,229
908,M153УС 35,Volkswagen,Jetta,2004,KPF5B43M72BH79040,Бледно-Бирюзовый,476
909,A6423 79,Volkswagen,Polo,2012,FD5DK0K58XSA54718,Цвет морской волны,373
910,Р2921 08,Volkswagen,Polo,2021,7Y9YH96M0YTF61750,Темно-серый,245
911,MУ496 17,Volkswagen,Tiguan,2024,TL6SSAX65ULUZ4570,Желто-зеленый,527
912,KР771 199,Toyota,Corolla,2005,8B5C6YRX69AVU0700,Серебряный,184
913,ХM527 82,Volkswagen,Tiguan,2023,JC11EYZ38K6TK6465,Светло-желтый,750
914,007T493 33,Hyundai,Creta,2001,1D0ARSZX0PYPJ0375,Темно-фиолетовый,225
915,Х5309 125,Hyundai,Solaris,2002,GTJD2Z8E8WP2G2225,Черный,271
916,EО435 01,Kia,Rio,2001,HLPVE7J05GYVU6622,Античный Белый,685
917,СE710 12,Toyota,RAV4,2025,0GLUH8WF1XFEC9969,Темно-зеленый,370
918,3876СС 85,Hyundai,Creta,2014,S0NZ8VDU1B0FM8165,Лазурный,903
919,У7873 163,Lada,Vesta,2020,982RGS2C6N4SW3429,Коралловый,332
920,006CD6 134,Lada,Niva,2016,64VSVWVT0553N7397,Оранжево-красный,649
921,4689ТK 39,Kia,Optima,2008,3PDYH3UA74FF04261,Темно-оранжевый,593
922,7365BС 89,Volkswagen,Tiguan,2012,H8TS6D0K4XBGW0635,Серый,670
923,ТС726 86,Hyundai,Creta,2018,L31W9KEZ9ZUUA5800,Бирюзовый,670
924,005D051 49,Lada,Niva,2008,2KZWENYP5FRJS4345,Сине-фиолетовый,386
925,007CD7 77,Toyota,RAV4,2012,W00A0UKR7310Y1533,Античный Белый,362
926,РН769 799,Kia,Sportage,2025,UF3L7GNF58U508690,Цвет морской волны,494
927,Р000ОТ 17,Volkswagen,Polo,2016,NPNEA0GG5BDB95565,Сине-фиолетовый,904
928,ХС4139 164,Toyota,Corolla,2005,6VSCD4F693X1N5695,Красный,236
929,006T951 03,Lada,Niva,2020,UDT859YJ0WC2R0811,Светло-зеленый,288
930,8214НE 94,Toyota,Camry,2005,VS9ZF1BJ4ZN4L0521,Золотой,162
931,С191EУ 71,Kia,Optima,2022,4GNTLG5HXUNKW4093,Черный,837
932,7054СР 54,Lada,Niva,2007,X3MSR0E21KHS70560,Фуксия,425
933,B350ОО 164,Kia,Optima,2003,RU4P2N2Z7MYDX5576,Светло-зеленый,494
934,009CD1 54,Hyundai,Creta,2006,YHEW03CLX28292196,Индиго,605
935,M1424 41,Toyota,RAV4,2026,A67549UT2C7EF2377,Античный Белый,421
936,1452KР 88,Lada,Vesta,2001,1DKRDCBZ4TLSS7425,Зеленый,131
937,5800AХ 163,Volkswagen,Tiguan,2004,ND8LXP469MW745438,Слоновая кость,645
938,Т9148 86,Volkswagen,Polo,2018,8N8JHUT678W639954,Античный Белый,151
939,Н2666 89,Lada,Vesta,2008,PJLMFSEY7N3AE7665,Темно-оранжевый,945
940,EK6226 174,Toyota,RAV4,2012,HZK7S7KR9SDM42883,Бледно-зеленый,614
941,KK5131 136,Volkswagen,Polo,2023,NU87V1AY4KKWC8473,Ярко-розовый,746
942,ХE917 66,Kia,Rio,2006,5TAANMHC5K1VK1357,Ярко-розовый,460
943,AР9729 173,Volkswagen,Golf,2015,7YNTMVY41JG0M6183,Коричневый,175
944,С954НН 716,Toyota,Corolla,2019,9J7P9ZUF55U6V4840,Бежевый,147
945,006T491 53,Volkswagen,Tiguan,2019,KLDFYNB227HU71569,Золотой,676
946,001D573 35,Volkswagen,Jetta,2005,XUH16CH541Y8P7810,Слоновая кость,742
947,004CD5 121,Kia,Sportage,2019,KN7HNLCY1WBSU3680,Пурпурный,605
948,С843СС 16,Lada,Vesta,2012,RK9WAC239HGM17046,Темно-зеленый,395
949,У604НХ 24,Toyota,Camry,2000,4Z6ZXED44F9WB0276,Васильковый,208
950,РK950 48,Volkswagen,Golf,2026,D0R3M4GW90ATP3535,Темный хаки,154
951,0539РK 54,Volkswagen,Polo,2005,P7CNUJ0T4WAWG0600,Античный Белый,488
952,001D431 196,Volkswagen,Polo,2025,J656CUPTXJBU34025,Лазурный,545
953,E2384 38,Volkswagen,Polo,2002,PWCLKPA04YLBH5174,Каштановый,494
954,Р6551 29,Toyota,RAV4,2017,ZZMUCCUY34D616657,Синий,848
955,EУ338 80,Lada,Niva,2020,NDGB5KJZXWJZE3545,Каштановый,442
956,С8252 164,Volkswagen,Golf,2011,JD3CMFMB3CJRT1517,Аквамарин,896
957,С4715 78,Lada,Niva,2016,LT72353D69DMP0221,Сине-фиолетовый,440
958,BО232 62,Toyota,Corolla,2025,G7G9ATE99GLCX6214,Сине-фиолетовый,788
959,УA5196 79,Hyundai,Creta,2018,VYZ368N7XKBCB3268,Сливовый,824
960,003D554 73,Volkswagen,Polo,2013,3DCRC63M8FBC77197,Тусклый серый,138
961,НН7876 29,Kia,Sportage,2024,R1BDMUJ2XUZ6P9309,Античный Белый,239
962,Х7969 39,Lada,Granta,2019,78JWHR8B730J63190,Фуксия,898
963,BР8637 85,Volkswagen,Golf,2008,MDCAX39Z0UZUP9966,Белый,194
964,3116EB 14,Lada,Niva,2023,SN6KGWDS82MNV5431,Хаки,809
965,У302РН 73,Lada,Niva,2016,3MRVCMKD3GHMA4231,Красный,121
966,E860ОE 02,Volkswagen,Polo,2012,Z73H48L88N4N14140,Бледно-зеленый,671
967,Х474ХE 69,Toyota,RAV4,2025,ETG5BATK4EBJM7254,Темно-голубой,324
968,0424AС 18,Hyundai,Creta,2003,WJH9PFSM6B2772768,Васильковый,159
969,MО142 89,Hyundai,Tucson,2018,3Y1A1W1U955XM3515,Оранжево-красный,260
970,KB025 38,Kia,Optima,2013,FYX1R4KFXWBPC7758,Индиго,579
971,Р015KK 41,Kia,Optima,2008,21CBMRTH6F57N7413,Синий,697
972,8394СХ 53,Hyundai,Solaris,2013,A0TUC6PK72DK83099,Темно-зеленый,566
973,Н536ОР 19,Volkswagen,Golf,2005,DSKTCM6K49D9L5228,Бледно-Бирюзовый,380
974,MС297 38,Volkswagen,Golf,2008,GTNVWLFE1Y1RJ5219,Античный Белый,315
975,M2315 150,Volkswagen,Jetta,2024,30KGWZD11SC0Y7501,Оранжевый,723
976,K914BA 61,Hyundai,Tucson,2004,9RSCTKAW1GLJC2126,Золотой,876
977,О9674 196,Lada,Niva,2007,XBRZTC169Y97V3332,Античный Белый,458
978,УО199 96,Toyota,Camry,2006,5JJ7N8KW33DJL5616,Розовый,521
979,ОA822 82,Hyundai,Creta,2025,WLS5K61R3ACAM6159,Ярко-розовый,564
980,8850ОТ 03,Volkswagen,Polo,2005,C4EJX56B129EP0273,Оранжевый,399
981,1292AР 27,Lada,Vesta,2026,0C3DFP0E0N5783989,Темно-зеленый,149
982,009T773 92,Hyundai,Tucson,2013,WAVWRVAFXB9RT6084,Темно-розовый,91
983,M486НР 50,Lada,Granta,2007,C2S02R5KX8ZV08499,Бежевый,380
984,ТС130 02,Lada,Niva,2001,HFD8J6851C2M17963,Индиго,742
985,ТН4432 76,Hyundai,Creta,2019,7A10HG8T1TBH41693,Светло-синий,672
986,005T163 88,Volkswagen,Jetta,2022,FZ7CY1LX8XTAB4103,Зеленый,987
987,009D415 84,Volkswagen,Polo,2024,PDN6UELYXJHUT8116,Белый,840
988,7132УТ 14,Toyota,RAV4,2015,74B7MM876847J8581,Золотой,450
989,E535УТ 68,Lada,Vesta,2021,ZAZ17H489E6SY2356,Белый,954
990,О2716 34,Volkswagen,Jetta,2006,WHWZW65C1V3N68347,Античный Белый,35
991,004T730 07,Volkswagen,Tiguan,2019,BA7D86KZ4E2HJ2414,Темно-бирюзовый,174
992,Т8942 58,Lada,Granta,2007,TEK226VT1HP148933,Темный хаки,671
993,Т113УA 38,Lada,Vesta,2002,2VRR5X1R4HTK91668,Бирюзовый,283
994,009CD8 79,Hyundai,Creta,2021,9K5Z7RS954LPV3444,Коралловый,405
995,РР1396 136,Hyundai,Tucson,2006,S025T1HJ1525V1723,Бежевый,531
996,006D863 76,Lada,Niva,2022,97PDNZG47W6AT4705,Темно-фиолетовый,71
997,Н4165 68,Lada,Niva,2009,RTW7MW866272M1207,Оранжевый,744
998,5967УТ 134,Volkswagen,Jetta,2011,TBPM9NWT0CNZG1503,Светло-голубой,987
999,С186УУ 85,Kia,Rio,2019,C1GDH0AY2815F8532,Темно-серый,987
1000,0904AA 44,Toyota,Corolla,2012,YTNK27K310NVY5650,Лазурный,589
1001,009T095 113,Lada,Granta,2005,0W1HSCS5XCTHC9918,Золотой,417
1002,ОТ163 196,Volkswagen,Polo,2017,VX5WWLBT67NHW9426,Светло-голубой,75
1003,4124НE 77,Volkswagen,Jetta,2010,X3P3XMM37J6RV5624,Светло-синий,970
1004,0139BТ 37,Lada,Niva,2008,W4VH6KA29KDB51349,Темно-бирюзовый,898
1005,M247СО 136,Volkswagen,Jetta,2022,NVBDTAXE21FKL3089,Серебряный,454
1006,MО3210 57,Hyundai,Tucson,2015,JRT7YWC4X5ZHS7909,Ярко-розовый,789
1007,B0995 123,Toyota,Corolla,2024,63DNSALX9302N6210,Индиго,470
1008,5000MM 90,Hyundai,Tucson,2000,5NURF3PV10B2A2756,Коричневый,494
1009,Н8390 57,Lada,Granta,2002,CW28EXS290HC07203,Темно-серый,392
1010,007D567 78,Toyota,RAV4,2022,HRRLDBH80TZ3Y4842,Ярко-розовый,236
1011,РУ6585 76,Kia,Sportage,2011,PSKP6BH97R9P67934,Серый,529
1012,EE3511 777,Volkswagen,Polo,2022,XSFG5HJX0TCV57747,Аквамарин,853
1013,BС277 173,Kia,Rio,2009,4TZRVJB17JSB05057,Белый,96
1014,О465BС 70,Hyundai,Tucson,2023,L8NE695J0ZX4U1382,Бледно-зеленый,841
1015,5146ОA 121,Kia,Rio,2017,Y1NFTW375RK595522,Темный хаки,954
1016,Н2957 99,Toyota,Corolla,2010,CL8RF91B7D6Z42711,Бежевый,363
1017,BХ980 08,Toyota,RAV4,2008,GVLMPVYF6BE5C4328,Шоколадный,188
1018,001T836 196,Toyota,Corolla,2023,GFNZ1HRY3LZHM3297,Желто-зеленый,205
1019,РB702 47,Toyota,RAV4,2007,KSHN24RS6C4T00947,Желто-зеленый,894
1020,ОХ8899 81,Kia,Rio,2007,BHHKRF600BWKF8420,Бледно-Бирюзовый,208
1021,9811EE 09,Toyota,RAV4,2011,B5M79ZN673LJ73684,Сливовый,160
1022,У2370 01,Lada,Vesta,2002,VYXP543D1XFJW2260,Розовато-лавандовый,693
1023,003D267 46,Hyundai,Tucson,2000,KUHE54D95GFVU3385,Слоновая кость,783
1024,AХ858 32,Volkswagen,Polo,2015,5UHMT09H90NPZ3121,Розовато-лавандовый,381
1025,9230РС 123,Volkswagen,Jetta,2015,H89MW2TV3BKGM0779,Темно-бирюзовый,920
1026,005D971 121,Volkswagen,Jetta,2015,E8PTYD834JLUE2426,Светло-зеленый,188
1027,ОС5831 03,Volkswagen,Jetta,2012,1CNNZX9R33BY53275,Светло-желтый,228
1028,ОM102 42,Volkswagen,Tiguan,2001,VA2YFUTK8L18S9706,Бледно-зеленый,539
1029,003D356 125,Hyundai,Creta,2017,CM2B558ZX39B97000,Бежевый,34
1030,KE0893 63,Volkswagen,Jetta,2012,R42JUR5V4XBGW1014,Белый,882
1031,ТТ1739 11,Toyota,Corolla,2003,STL4SZZP1WC8U7602,Аквамарин,716
1032,НA450 67,Volkswagen,Golf,2010,C9W4N0H69UKRT6945,Золотой,706
1033,О6914 30,Lada,Vesta,2021,ZK12118D9ZHY77437,Аквамарин,216
1034,K3225 92,Hyundai,Tucson,2003,EEXUA0DF9MH8X4501,Хаки,334
1035,Н8661 10,Kia,Optima,2008,432N68RA9DDKZ4793,Бледно-зеленый,192
1036,4026ТУ 196,Volkswagen,Jetta,2007,E6LNN42Z1WM7D7575,Коричневый,276
1037,8237AУ 89,Hyundai,Tucson,2010,HHGRL27C5PK7K8138,Малиновый,375
1038,2645РA 15,Toyota,Corolla,2013,XVFEY35473NJY6536,Синий,216
1039,РТ108 27,Hyundai,Tucson,2024,RAXWLT1UXUR1P0418,Золотой,382
1040,B8289 88,Kia,Sportage,2008,62XLZUKE7YLEC5830,Розовый,462
1041,K4928 71,Toyota,RAV4,2004,7S8XLSUD2RHAB4549,Аквамарин,590
1042,Т5583 13,Toyota,Camry,2023,1CN4WPSFX3ZNE4491,Темно-красный,277
1043,1927ХE 99,Toyota,RAV4,2013,VZDJ4YC94RX6Y8181,Ярко-розовый,877
1044,001CD0 40,Hyundai,Solaris,2004,J3B4YEU54G7X57457,Розовато-лавандовый,820
1045,УС0000 20,Toyota,Corolla,2025,EF4A8H2GXA7N50113,Светло-розовый,10
1046,РР443 97,Toyota,Corolla,2015,TJLR5KU74SMVK5833,Хаки,138
1047,У487ХХ 123,Volkswagen,Jetta,2025,B1ZEE9RN2R59R6197,Серый,499
1048,У6992 197,Kia,Sportage,2017,V2ZURNWJ0VVLW8659,Хаки,880
1049,Р8007 56,Volkswagen,Polo,2012,3T9CFXFE3J6BU9347,Хаки,102
1050,5707KУ 94,Toyota,Camry,2006,PGS1P06W6D1MZ3213,Фиолетовый,834
1051,У8802 28,Kia,Sportage,2026,NMYSD4ZD751T97079,Темно-синий,645
1052,001T543 54,Lada,Granta,2023,J6YKW1JS8AJLR7117,Темно-зеленый,343
1053,KО0941 73,Kia,Sportage,2011,0SWBH1ZR36F072870,Фуксия,574
1054,О0191 83,Volkswagen,Jetta,2011,W8W81HMA020B60718,Темно-зеленый,21
1055,С050KM 96,Hyundai,Solaris,2011,76XFJ6XGXPKL61465,Фиолетовый,889
1056,KK591 73,Volkswagen,Tiguan,2018,K6NTSC2C9TKZS6338,Темно-розовый,590
1057,A443НE 56,Volkswagen,Tiguan,2024,156TPESG5UXYZ7066,Оранжевый,292
1058,K145EM 90,Kia,Sportage,2021,UH5LDN222H3RD4351,Светло-желтый,523
1059,ТХ651 38,Hyundai,Tucson,2014,0W643K7B0GX276438,Светло-зеленый,911
1060,УA091 96,Lada,Granta,2019,DF0FS9LE1Y88A2865,Сливовый,294
1061,ТХ2830 06,Hyundai,Tucson,2004,UBF8ZDAH56YVS5167,Коричневый,890
1062,009T607 18,Toyota,RAV4,2025,7X00FEL896PFN3353,Желто-зеленый,951
1063,ХС245 05,Kia,Sportage,2020,H2G7HVY65B59J6828,Темно-красный,628
1064,С1636 88,Volkswagen,Golf,2002,Y1DUJVE07GAUC2322,Ярко-розовый,82
1065,6812НM 121,Toyota,Corolla,2007,JM9YHXN166VUK4474,Темно-голубой,322
1066,MB5794 08,Kia,Optima,2009,RLBNDBF97EHP84448,Светло-зеленый,728
1067,5089РР 56,Kia,Optima,2020,GY98LV2U07UBB6250,Аквамарин,405
1068,KУ7149 750,Kia,Sportage,2024,XAJG9U8N8LU942830,Светло-серый,884
1069,С078AТ 82,Kia,Optima,2018,ZBA39NB87CNGY0942,Светло-зеленый,534
1070,K279EТ 102,Hyundai,Creta,2005,AL621AAXXWZFM9825,Бирюзовый,189
1071,3260KE 31,Lada,Vesta,2023,K41WX31E97N4R7817,Светло-голубой,241
1072,EM0888 64,Kia,Optima,2022,A4L8N6B902WJH8660,Коричневый,768
1073,Р590KО 52,Lada,Vesta,2005,ZYFX9N274UZHD2599,Темно-оранжевый,407
1074,ХE867 716,Lada,Vesta,2002,MKBMLY6K3W6647700,Темно-серый,960
1075,KK3592 93,Hyundai,Tucson,2001,XBCH1M6P3TF8H5886,Бледно-зеленый,27
1076,СР611 60,Hyundai,Tucson,2024,K088ZMG85M8XD9265,Темно-серый,86
1077,У6481 150,Lada,Granta,2019,E6DVG216571TF9801,Светло-серый,160
1078,EM326 61,Lada,Niva,2012,GL6ZZ8YZ28NJF5517,Серый,317
1079,3459ХM 88,Toyota,Camry,2023,D2JH43530S6DC0695,Темно-синий,291
1080,О926ОM 04,Hyundai,Tucson,2004,F4VN1M2UX4RV84081,Бежевый,135
1081,7965BA 58,Volkswagen,Tiguan,2000,A2RMDYJH1C6PU5583,Золотой,36
1082,005T493 46,Kia,Sportage,2015,WZ70TZ818B46W7863,Лазурный,479
1083,000CD7 186,Volkswagen,Jetta,2017,8WU9FBLM68AVW8811,Зеленый,456
1084,Н807СM 154,Toyota,RAV4,2017,9GRWU24G2TLY62597,Малиновый,182
1085,MM8479 62,Volkswagen,Golf,2020,6S5G25G21KKUA9054,Оранжево-красный,767
1086,002D165 44,Volkswagen,Golf,2016,WD4WSRSY5B1F75244,Желтый,656
1087,РТ0658 15,Volkswagen,Jetta,2011,79HP4XVE8TZ476350,Светло-зеленый,494
1088,EР662 38,Volkswagen,Tiguan,2025,ENBT16WV8Z5D92655,Бирюзовый,92
1089,B5427 02,Hyundai,Creta,2011,69DC944A9SXK25304,Серебряный,423
1090,B3311 60,Kia,Rio,2009,SJZELTBWXGFFR5318,Темно-красный,11
1091,1529ОM 763,Lada,Niva,2026,W5RRCD4D0Z3W12216,Сине-фиолетовый,777
1092,1557MУ 19,Toyota,Corolla,2009,9P7B7CCJ35KHM0179,Оранжевый,481
1093,РО9625 37,Volkswagen,Polo,2022,TV77Y8930H8VM3457,Золотой,945
1094,ТХ3002 134,Hyundai,Creta,2009,JB9EV6SR7N6VA4333,Черный,10
1095,B292РA 38,Hyundai,Creta,2019,4TXUG948935381731,Аквамарин,237
1096,006D005 134,Lada,Niva,2011,3KMRTSN62NDXB0389,Шоколадный,194
1097,Х9290 30,Hyundai,Tucson,2013,MDBKH2YT2XSLK9657,Темно-голубой,405
1098,9289BM 74,Toyota,Camry,2022,F5AJMFGW3S3ZG4911,Бледно-Бирюзовый,755
1099,С8222 38,Hyundai,Creta,2007,HHJHWKKN8M6GB6944,Коричневый,270
1100,007D299 20,Lada,Granta,2020,G9R4X5EC09VSJ9143,Бледно-зеленый,246
1101,B3955 48,Volkswagen,Jetta,2009,P0M8DVB1X4W2F6773,Каштановый,665
1102,4686EA 98,Volkswagen,Jetta,2013,MD86CA6Z0FZKL3507,Темно-розовый,193
1103,Н681НB 19,Lada,Vesta,2004,GT9WZMSTXAWBK2176,Темно-серый,297
1104,4456НB 49,Lada,Niva,2014,VMD35JGR1LLJM3384,Фиолетовый,633
1105,B221ТУ 86,Hyundai,Creta,2022,ZK7D694N7E20B9308,Коралловый,638
1106,002CD4 16,Hyundai,Solaris,2010,YUTV3SCAXVJ428266,Бледно-зеленый,20
1107,Т735ХM 71,Toyota,Camry,2017,BPN2806D78AME5530,Темный хаки,23
1108,006CD4 196,Toyota,Camry,2009,UEW4UXMU36HZB4403,Малиновый,276
1109,B572AН 164,Toyota,RAV4,2014,LEA7SLNL6JP1N0269,Светло-синий,745
1110,ХО722 82,Lada,Vesta,2002,JC0TRZ17XNJKC0652,Лазурный,155
1111,EУ6141 75,Lada,Granta,2006,EV2WAYG98BJ1V0050,Светло-зеленый,351
1112,9778СB 12,Hyundai,Creta,2025,GZP7N2NG4J3K72487,Серебряный,819
1113,РB0887 198,Hyundai,Creta,2014,N5LSA98C1SJ1K7901,Розовый,714
1114,О3099 154,Lada,Granta,2002,X7K7LBZK7WH7U2767,Темно-розовый,864
1115,РM678 60,Toyota,Camry,2008,TDV7RJFSXPP9K1116,Черный,795
1116,B8747 29,Hyundai,Solaris,2017,LTFHDBL61AC8H0110,Светло-зеленый,482
1117,004CD1 13,Toyota,Camry,2026,66936WKW5XU7H4815,Шоколадный,257
1118,СA124 57,Hyundai,Solaris,2003,0GX1Z2Y30PVHC9278,Зеленый,998
1119,002D542 154,Toyota,Corolla,2024,W4BR7LJS71XBW6692,Коралловый,999
1120,KХ870 83,Hyundai,Solaris,2023,TFDKHNEV92CZL5082,Золотой,35
1121,008T028 53,Toyota,Corolla,2023,H10VCT9R27JW48494,Темный хаки,790
1122,РН5379 30,Lada,Niva,2021,S2U29F010X1TX0029,Пурпурный,214
1123,4655KA 26,Hyundai,Creta,2021,0BA89Z7S6DB0E9035,Васильковый,985
1124,E4424 116,Kia,Sportage,2005,S4D6GHAA6ZKUS3322,Коричневый,645
1125,1081СО 136,Lada,Niva,2017,08FEVLB6XGV904554,Слоновая кость,534
1126,Х489УУ 80,Lada,Granta,2015,GGABMVC35P4DV3748,Желтый,654
1127,KE0608 44,Kia,Rio,2011,1WYFURXPXVY6L8598,Индиго,909
1128,KK383 81,Lada,Niva,2006,3BFJ4LUJ7AW807619,Красный,997
1129,007CD9 69,Lada,Vesta,2020,0H3NAAG96VFV07561,Бежевый,445
1130,Р117НУ 59,Kia,Rio,2005,MSWWJXFP8KKGZ1067,Светло-зеленый,814
1131,Х167УР 85,Kia,Optima,2003,Z4F2AJ9E3EK8X0083,Фиолетовый,406
1132,Н039УK 113,Toyota,Camry,2001,EZ1CPHD780P2H3731,Светло-серый,596
1133,9875ТТ 199,Hyundai,Tucson,2019,E9B9X30F573TB9863,Аквамарин,159
1134,ОР3038 15,Kia,Rio,2007,R5GSX3WR4HH589864,Светло-голубой,162
1135,BA5427 32,Hyundai,Solaris,2021,LMWE17Z34ZKBE8725,Аквамарин,634
1136,EУ275 28,Kia,Optima,2001,8NAY0F589RREA4341,Зеленый,62
1137,Р9727 76,Kia,Optima,2004,W8ZHT2NC1J4RE4657,Темный хаки,719
1138,008T698 79,Volkswagen,Polo,2004,7UJSA96Y4LF157360,Синий,500
1139,A778KB 85,Toyota,Corolla,2017,ATDXG5Y494Z6C3225,Темно-серый,808
1140,2744НM 161,Kia,Sportage,2023,JJXAVYBJ7WK2T4771,Серый,198
1141,7994EA 65,Lada,Niva,2012,8DXUACVR3D2YY1825,Светло-зеленый,367
1142,Т281EB 29,Toyota,Corolla,2001,SDL8PUX56AL7C0262,Темно-синий,497
1143,ОE4372 92,Hyundai,Tucson,2009,BZG27AN90B35A0043,Розовато-лавандовый,556
1144,002CD4 178,Hyundai,Solaris,2018,STUWZD2C8H4DX1729,Тусклый серый,192
1145,K684СB 53,Volkswagen,Jetta,2010,7RY7JL508UNFZ0849,Темно-розовый,750
1146,Т056СM 61,Hyundai,Creta,2026,DG474WPB6XA9M8799,Слоновая кость,614
1147,005T022 159,Volkswagen,Tiguan,2002,F8ABXAPH21F1V4955,Светло-зеленый,544
1148,СE4677 126,Toyota,Corolla,2009,FRVYC1VL31SUB1638,Серый,840
1149,Т0990 197,Kia,Optima,2011,DW9A8YRH85JNK8036,Темный хаки,465
1150,У919НО 81,Lada,Niva,2016,2LHK5HB99399E8356,Тусклый серый,389
1151,B486KО 43,Toyota,Camry,2019,3NGS3X1G9PC6V3517,Васильковый,878
1152,B8456 37,Kia,Optima,2007,5GVS7BTM9YPMZ0889,Белый,329
1153,KР8816 173,Lada,Niva,2017,Z3SM57ZV2B6XV4473,Розовато-лавандовый,839
1154,MН4770 68,Hyundai,Solaris,2016,3MMZCKPT1PK654327,Пурпурный,700
1155,ОН7701 61,Hyundai,Tucson,2004,RARS64P9X3LGS7920,Темно-зеленый,628
1156,О606УО 154,Kia,Sportage,2013,CAFYMMDZ16GF08333,Тусклый серый,657
1157,СН8206 174,Kia,Rio,2003,ULDGYV63461329002,Темно-голубой,536
1158,ХО617 03,Lada,Vesta,2026,ZZSGK5S0310JA7765,Тусклый серый,961
1159,B291НK 64,Toyota,Camry,2001,CWLAX5WS5J9CD6162,Светло-синий,207
1160,B701РР 52,Lada,Granta,2006,KS2EJRG82C79D7507,Темно-серый,102
1161,Н497ОE 121,Lada,Niva,2020,YJ52EVN70TRBC4164,Каштановый,857
1162,003D278 67,Hyundai,Tucson,2015,3AJTDPPN16GN90121,Темно-фиолетовый,539
1163,НТ301 196,Volkswagen,Jetta,2001,PHY4MJGP3L0519914,Шоколадный,376
1164,У887AУ 99,Toyota,RAV4,2022,5FU2J950XTYXN1004,Коралловый,73
1165,A848ОН 152,Lada,Vesta,2020,BNMUR0BA4J7W69054,Аквамарин,504
1166,ОР9293 72,Lada,Granta,2025,3W1RGY0F6M6WP5838,Оранжевый,655
1167,AM700 54,Lada,Granta,2017,C1VS9WFA4AWKD5538,Светло-серый,762
1168,EХ225 113,Hyundai,Creta,2025,UDKDWF9E9GUXP0146,Серебряный,726
1169,K954BС 55,Lada,Niva,2008,A4DY738203P344433,Белый,542
1170,4096ХA 113,Lada,Niva,2002,XSZJSPLK1WVRN2252,Индиго,855
1171,НХ4429 32,Kia,Rio,2006,YYM26D0P9H9BB2674,Синий,984
1172,О9523 83,Volkswagen,Polo,2003,7HV5JB2E0E8BG5777,Бежевый,743
1173,ТK3623 16,Toyota,RAV4,2012,YMNDDWCK14ULN7763,Розовато-лавандовый,195
1174,РО469 16,Toyota,RAV4,2021,NYE2FYZL79CTW8144,Зеленый,255
1175,Т750НО 17,Volkswagen,Tiguan,2017,7NNP73YK5SR769818,Фуксия,768
1176,1718РE 177,Volkswagen,Golf,2023,16BTZD8N54R4P6242,Оранжевый,109
1177,B976ТA 60,Volkswagen,Jetta,2021,HFM0S95K19FBY7190,Сливовый,470
1178,A325РН 25,Hyundai,Solaris,2005,8BF3CKZ436V965643,Красный,812
1179,У631BС 96,Toyota,RAV4,2012,W25YDN2LXC77E4459,Сине-фиолетовый,517
1180,НM099 81,Kia,Optima,2005,CG7FN2MH7X8R90764,Оранжевый,547
1181,3681KB 52,Volkswagen,Golf,2011,MEJ1W92V5HMK48458,Малиновый,925
1182,EР602 95,Kia,Optima,2010,4UUY9MBV5HN839344,Серый,866
1183,Р2108 36,Kia,Sportage,2024,1TDHJCY73MVNH0842,Малиновый,649
1184,РK349 177,Hyundai,Tucson,2010,9KTZCAAM6BVVG3502,Оранжево-красный,624
1185,У3384 79,Toyota,RAV4,2017,8EX1MYYM4A33K2221,Античный Белый,220
1186,003CD4 124,Hyundai,Tucson,2023,4CEXDKPD47LTF5002,Светло-голубой,261
1187,ОО943 71,Kia,Sportage,2014,MZRK5XL82LFAR3445,Хаки,983
1188,K5942 92,Hyundai,Solaris,2023,D6ZS7STS1Z3673342,Темно-розовый,36
1189,ХB8249 199,Kia,Optima,2000,W1NG85G3XSN7B6547,Желто-зеленый,531
1190,У9075 40,Toyota,Corolla,2000,N7CZFGPT0KLUM2933,Сине-фиолетовый,308
1191,ХС2309 152,Toyota,Camry,2010,YS3MUVTP7DEKG6124,Сине-фиолетовый,23
1192,ОР9389 126,Kia,Optima,2016,PA7JEXDM1E66S2908,Розовый,570
1193,006T744 97,Volkswagen,Tiguan,2003,UVC91W567G80S1694,Цвет морской волны,39
1194,1870ХB 60,Hyundai,Creta,2004,EWH2NH55XL88X9994,Темно-красный,142
1195,ОB227 154,Kia,Sportage,2018,2JN6AAMZ284FN9370,Ярко-розовый,256
1196,003D189 93,Toyota,Corolla,2025,32KBGS387WBSE2854,Сине-фиолетовый,308
1197,000D810 80,Lada,Niva,2012,UV4H9NV23RH0A3540,Темно-серый,583
1198,ТС8876 17,Toyota,RAV4,2002,TJJ5B60FXNDY34960,Сливовый,741
1199,E2352 67,Kia,Sportage,2005,HDR68FX45AZHY5716,Пурпурный,500
1200,MС0096 46,Volkswagen,Polo,2019,T8HRHZFZ1UUZM5601,Светло-серый,658
